k141_600093	2	superkingdom	Bacteria	4	3	2	0.510	uc_Bacteria;uc_Bacteria;uc_Bacteria	-_cellular organisms;d_Bacteria
k141_600773	1	no rank	root	23	23	23	1.000	unknown;unknown;unknown	-_root
k141_263442	1224	phylum	Proteobacteria	16	15	9	0.640	unknown;Proteobacteria;uc_Proteobacteria	-_cellular organisms;d_Bacteria;p_Proteobacteria
k141_1167573	194924	family	Desulfovibrionaceae	3	2	1	0.500	unknown;Proteobacteria;Desulfovibrionaceae	-_cellular organisms;d_Bacteria;p_Proteobacteria;-_delta/epsilon subdivisions;c_Deltaproteobacteria;o_Desulfovibrionales;f_Desulfovibrionaceae
k141_114922	194924	family	Desulfovibrionaceae	3	3	2	0.670	unknown;Proteobacteria;Desulfovibrionaceae	-_cellular organisms;d_Bacteria;p_Proteobacteria;-_delta/epsilon subdivisions;c_Deltaproteobacteria;o_Desulfovibrionales;f_Desulfovibrionaceae
k141_443050	1	no rank	root	5	5	5	1.000	unknown;unknown;unknown	-_root
k141_444220	194924	family	Desulfovibrionaceae	5	5	3	0.510	unknown;Proteobacteria;Desulfovibrionaceae	-_cellular organisms;d_Bacteria;p_Proteobacteria;-_delta/epsilon subdivisions;c_Deltaproteobacteria;o_Desulfovibrionales;f_Desulfovibrionaceae
k141_604210	1	no rank	root	6	6	6	1.000	unknown;unknown;unknown	-_root
k141_1169644	194924	family	Desulfovibrionaceae	2	2	1	0.500	unknown;Proteobacteria;Desulfovibrionaceae	-_cellular organisms;d_Bacteria;p_Proteobacteria;-_delta/epsilon subdivisions;c_Deltaproteobacteria;o_Desulfovibrionales;f_Desulfovibrionaceae
k141_876438	194924	family	Desulfovibrionaceae	6	6	4	0.520	unknown;Proteobacteria;Desulfovibrionaceae	-_cellular organisms;d_Bacteria;p_Proteobacteria;-_delta/epsilon subdivisions;c_Deltaproteobacteria;o_Desulfovibrionales;f_Desulfovibrionaceae
k141_254361	1	no rank	root	16	15	15	1.000	unknown;unknown;unknown	-_root
k141_106014	1	no rank	root	14	13	13	1.000	unknown;unknown;unknown	-_root
k141_1159831	2	superkingdom	Bacteria	3	3	2	0.670	uc_Bacteria;uc_Bacteria;uc_Bacteria	-_cellular organisms;d_Bacteria
k141_432772	1	no rank	root	10	10	10	1.000	unknown;unknown;unknown	-_root
k141_1050370	1	no rank	root	2	2	2	1.000	unknown;unknown;unknown	-_root
k141_591703	1	no rank	root	7	5	5	1.000	unknown;unknown;unknown	-_root
k141_1050759	1	no rank	root	7	6	6	1.000	unknown;unknown;unknown	-_root
k141_433940	2	superkingdom	Bacteria	2	2	1	0.500	uc_Bacteria;uc_Bacteria;uc_Bacteria	-_cellular organisms;d_Bacteria
k141_433980	28221	class	Deltaproteobacteria	2	2	1	0.500	unknown;Proteobacteria;uc_Deltaproteobacteria	-_cellular organisms;d_Bacteria;p_Proteobacteria;-_delta/epsilon subdivisions;c_Deltaproteobacteria
k141_1052429	194924	family	Desulfovibrionaceae	5	5	4	0.750	unknown;Proteobacteria;Desulfovibrionaceae	-_cellular organisms;d_Bacteria;p_Proteobacteria;-_delta/epsilon subdivisions;c_Deltaproteobacteria;o_Desulfovibrionales;f_Desulfovibrionaceae
k141_686593	1	no rank	root	5	3	3	1.000	unknown;unknown;unknown	-_root
k141_980911	2	superkingdom	Bacteria	7	7	5	0.820	uc_Bacteria;uc_Bacteria;uc_Bacteria	-_cellular organisms;d_Bacteria
k141_209203	1	no rank	root	3	3	3	1.000	unknown;unknown;unknown	-_root
k141_688087	1	no rank	root	5	5	5	1.000	unknown;unknown;unknown	-_root
k141_1124317	194924	family	Desulfovibrionaceae	5	5	3	0.600	unknown;Proteobacteria;Desulfovibrionaceae	-_cellular organisms;d_Bacteria;p_Proteobacteria;-_delta/epsilon subdivisions;c_Deltaproteobacteria;o_Desulfovibrionales;f_Desulfovibrionaceae
k141_822676	1	no rank	root	4	4	4	1.000	unknown;unknown;unknown	-_root
k141_982936	1	no rank	root	3	3	3	1.000	unknown;unknown;unknown	-_root
k141_824364	2	superkingdom	Bacteria	2	2	1	0.500	uc_Bacteria;uc_Bacteria;uc_Bacteria	-_cellular organisms;d_Bacteria
k141_533500	1	no rank	root	6	6	6	1.000	unknown;unknown;unknown	-_root
k141_691560	194924	family	Desulfovibrionaceae	8	8	8	1.000	unknown;Proteobacteria;Desulfovibrionaceae	-_cellular organisms;d_Bacteria;p_Proteobacteria;-_delta/epsilon subdivisions;c_Deltaproteobacteria;o_Desulfovibrionales;f_Desulfovibrionaceae
k141_967752	1	no rank	root	11	10	10	1.000	unknown;unknown;unknown	-_root
k141_1112958	2	superkingdom	Bacteria	3	3	2	0.670	uc_Bacteria;uc_Bacteria;uc_Bacteria	-_cellular organisms;d_Bacteria
k141_517009	1	no rank	root	8	8	8	1.000	unknown;unknown;unknown	-_root
k141_517145	1	no rank	root	12	11	11	1.000	unknown;unknown;unknown	-_root
k141_675275	1	no rank	root	3	3	3	1.000	unknown;unknown;unknown	-_root
k141_362835	1	no rank	root	8	7	7	1.000	unknown;unknown;unknown	-_root
k141_517829	1	no rank	root	3	2	2	1.000	unknown;unknown;unknown	-_root
k141_676702	1224	phylum	Proteobacteria	2	2	1	0.500	unknown;Proteobacteria;uc_Proteobacteria	-_cellular organisms;d_Bacteria;p_Proteobacteria
k141_813049	44742	species	Desulfovibrio fairfieldensis	2	2	2	1.000	unknown;Proteobacteria;Desulfovibrionaceae	-_cellular organisms;d_Bacteria;p_Proteobacteria;-_delta/epsilon subdivisions;c_Deltaproteobacteria;o_Desulfovibrionales;f_Desulfovibrionaceae;g_Desulfovibrio;s_Desulfovibrio fairfieldensis
k141_676831	1	no rank	root	3	3	3	1.000	unknown;unknown;unknown	-_root
k141_1126427	1	no rank	root	8	8	8	1.000	unknown;unknown;unknown	-_root
k141_1127402	2	superkingdom	Bacteria	7	6	4	0.510	uc_Bacteria;uc_Bacteria;uc_Bacteria	-_cellular organisms;d_Bacteria
k141_825964	1	no rank	root	4	3	3	1.000	unknown;unknown;unknown	-_root
k141_213516	1	no rank	root	8	6	6	1.000	unknown;unknown;unknown	-_root
k141_826893	1	no rank	root	10	9	9	1.000	unknown;unknown;unknown	-_root
k141_66780	1	no rank	root	5	5	5	1.000	unknown;unknown;unknown	-_root
k141_214604	1224	phylum	Proteobacteria	12	10	5	0.500	unknown;Proteobacteria;uc_Proteobacteria	-_cellular organisms;d_Bacteria;p_Proteobacteria
k141_988706	1224	phylum	Proteobacteria	9	8	5	0.570	unknown;Proteobacteria;uc_Proteobacteria	-_cellular organisms;d_Bacteria;p_Proteobacteria
k141_537443	1	no rank	root	3	2	2	1.000	unknown;unknown;unknown	-_root
k141_67802	1	no rank	root	4	3	3	1.000	unknown;unknown;unknown	-_root
k141_108923	2	superkingdom	Bacteria	10	8	6	0.850	uc_Bacteria;uc_Bacteria;uc_Bacteria	-_cellular organisms;d_Bacteria
k141_109139	1	no rank	root	4	4	4	1.000	unknown;unknown;unknown	-_root
k141_1053930	872	genus	Desulfovibrio	2	2	1	0.500	unknown;Proteobacteria;Desulfovibrionaceae	-_cellular organisms;d_Bacteria;p_Proteobacteria;-_delta/epsilon subdivisions;c_Deltaproteobacteria;o_Desulfovibrionales;f_Desulfovibrionaceae;g_Desulfovibrio
k141_260294	872	genus	Desulfovibrio	2	2	1	0.500	unknown;Proteobacteria;Desulfovibrionaceae	-_cellular organisms;d_Bacteria;p_Proteobacteria;-_delta/epsilon subdivisions;c_Deltaproteobacteria;o_Desulfovibrionales;f_Desulfovibrionaceae;g_Desulfovibrio
k141_111174	2	superkingdom	Bacteria	6	4	3	0.670	uc_Bacteria;uc_Bacteria;uc_Bacteria	-_cellular organisms;d_Bacteria
k141_111413	2	superkingdom	Bacteria	4	4	2	0.500	uc_Bacteria;uc_Bacteria;uc_Bacteria	-_cellular organisms;d_Bacteria
k141_260590	194924	family	Desulfovibrionaceae	4	4	2	0.500	unknown;Proteobacteria;Desulfovibrionaceae	-_cellular organisms;d_Bacteria;p_Proteobacteria;-_delta/epsilon subdivisions;c_Deltaproteobacteria;o_Desulfovibrionales;f_Desulfovibrionaceae
k141_1165247	1	no rank	root	5	5	5	1.000	unknown;unknown;unknown	-_root
k141_599063	213115	order	Desulfovibrionales	2	2	1	0.500	unknown;Proteobacteria;uc_Desulfovibrionales	-_cellular organisms;d_Bacteria;p_Proteobacteria;-_delta/epsilon subdivisions;c_Deltaproteobacteria;o_Desulfovibrionales
k141_262510	2	superkingdom	Bacteria	3	3	2	0.670	uc_Bacteria;uc_Bacteria;uc_Bacteria	-_cellular organisms;d_Bacteria
k141_366676	1224	phylum	Proteobacteria	6	5	5	1.000	unknown;Proteobacteria;uc_Proteobacteria	-_cellular organisms;d_Bacteria;p_Proteobacteria
k141_367046	1	no rank	root	2	1	1	1.000	unknown;unknown;unknown	-_root
k141_202473	28221	class	Deltaproteobacteria	3	3	2	0.670	unknown;Proteobacteria;uc_Deltaproteobacteria	-_cellular organisms;d_Bacteria;p_Proteobacteria;-_delta/epsilon subdivisions;c_Deltaproteobacteria
k141_973598	1	no rank	root	3	3	3	1.000	unknown;unknown;unknown	-_root
k141_815987	1	no rank	root	3	3	3	1.000	unknown;unknown;unknown	-_root
k141_522420	1	no rank	root	5	5	5	1.000	unknown;unknown;unknown	-_root
k141_56051	1	no rank	root	5	5	5	1.000	unknown;unknown;unknown	-_root
k141_56513	1	no rank	root	4	4	4	1.000	unknown;unknown;unknown	-_root
k141_816915	28221	class	Deltaproteobacteria	9	7	4	0.570	unknown;Proteobacteria;uc_Deltaproteobacteria	-_cellular organisms;d_Bacteria;p_Proteobacteria;-_delta/epsilon subdivisions;c_Deltaproteobacteria
k141_1118808	1	no rank	root	5	4	4	1.000	unknown;unknown;unknown	-_root
k141_701213	1	no rank	root	6	5	5	1.000	unknown;unknown;unknown	-_root
k141_701480	213115	order	Desulfovibrionales	3	3	2	0.670	unknown;Proteobacteria;uc_Desulfovibrionales	-_cellular organisms;d_Bacteria;p_Proteobacteria;-_delta/epsilon subdivisions;c_Deltaproteobacteria;o_Desulfovibrionales
k141_993068	2	superkingdom	Bacteria	4	4	2	0.500	uc_Bacteria;uc_Bacteria;uc_Bacteria	-_cellular organisms;d_Bacteria
k141_701853	1	no rank	root	15	15	15	1.000	unknown;unknown;unknown	-_root
k141_387612	1	no rank	root	4	3	3	1.000	unknown;unknown;unknown	-_root
k141_703244	1	no rank	root	5	5	5	1.000	unknown;unknown;unknown	-_root
k141_703977	1	no rank	root	13	12	12	1.000	unknown;unknown;unknown	-_root
k141_704089	1	no rank	root	6	5	5	1.000	unknown;unknown;unknown	-_root
k141_388538	1	no rank	root	7	7	7	1.000	unknown;unknown;unknown	-_root
k141_832051	194924	family	Desulfovibrionaceae	6	5	4	0.800	unknown;Proteobacteria;Desulfovibrionaceae	-_cellular organisms;d_Bacteria;p_Proteobacteria;-_delta/epsilon subdivisions;c_Deltaproteobacteria;o_Desulfovibrionales;f_Desulfovibrionaceae
k141_876568	411464	strain	Desulfovibrio piger ATCC 29098	4	4	2	0.500	unknown;Proteobacteria;Desulfovibrionaceae	-_cellular organisms;d_Bacteria;p_Proteobacteria;-_delta/epsilon subdivisions;c_Deltaproteobacteria;o_Desulfovibrionales;f_Desulfovibrionaceae;g_Desulfovibrio;s_Desulfovibrio piger;-_Desulfovibrio piger ATCC 29098
k141_878024	1	no rank	root	7	7	7	1.000	unknown;unknown;unknown	-_root
k141_1172580	2	superkingdom	Bacteria	8	7	5	0.710	uc_Bacteria;uc_Bacteria;uc_Bacteria	-_cellular organisms;d_Bacteria
k141_449268	1	no rank	root	2	2	2	1.000	unknown;unknown;unknown	-_root
k141_270005	1	no rank	root	6	6	6	1.000	unknown;unknown;unknown	-_root
k141_450146	213115	order	Desulfovibrionales	6	6	3	0.500	unknown;Proteobacteria;uc_Desulfovibrionales	-_cellular organisms;d_Bacteria;p_Proteobacteria;-_delta/epsilon subdivisions;c_Deltaproteobacteria;o_Desulfovibrionales
k141_880539	213115	order	Desulfovibrionales	2	1	1	1.000	unknown;Proteobacteria;uc_Desulfovibrionales	-_cellular organisms;d_Bacteria;p_Proteobacteria;-_delta/epsilon subdivisions;c_Deltaproteobacteria;o_Desulfovibrionales
k141_880657	1	no rank	root	7	7	7	1.000	unknown;unknown;unknown	-_root
k141_451616	28221	class	Deltaproteobacteria	5	5	3	0.600	unknown;Proteobacteria;uc_Deltaproteobacteria	-_cellular organisms;d_Bacteria;p_Proteobacteria;-_delta/epsilon subdivisions;c_Deltaproteobacteria
k141_122468	2	superkingdom	Bacteria	7	5	3	0.600	uc_Bacteria;uc_Bacteria;uc_Bacteria	-_cellular organisms;d_Bacteria
k141_1156918	2	superkingdom	Bacteria	19	18	11	0.600	uc_Bacteria;uc_Bacteria;uc_Bacteria	-_cellular organisms;d_Bacteria
k141_251492	1	no rank	root	5	4	4	1.000	unknown;unknown;unknown	-_root
k141_754579	1	no rank	root	2	2	2	1.000	unknown;unknown;unknown	-_root
k141_862223	194924	family	Desulfovibrionaceae	1	1	1	1.000	unknown;Proteobacteria;Desulfovibrionaceae	-_cellular organisms;d_Bacteria;p_Proteobacteria;-_delta/epsilon subdivisions;c_Deltaproteobacteria;o_Desulfovibrionales;f_Desulfovibrionaceae
k141_1044590	1	no rank	root	6	6	6	1.000	unknown;unknown;unknown	-_root
k141_103848	1224	phylum	Proteobacteria	7	6	3	0.500	unknown;Proteobacteria;uc_Proteobacteria	-_cellular organisms;d_Bacteria;p_Proteobacteria
k141_252524	1	no rank	root	5	3	3	1.000	unknown;unknown;unknown	-_root
k141_1158684	2	superkingdom	Bacteria	13	13	7	0.580	uc_Bacteria;uc_Bacteria;uc_Bacteria	-_cellular organisms;d_Bacteria
k141_1158697	1224	phylum	Proteobacteria	4	4	2	0.500	unknown;Proteobacteria;uc_Proteobacteria	-_cellular organisms;d_Bacteria;p_Proteobacteria
k141_863931	170557	species	Timema poppensis	3	2	1	0.500	Metazoa;Arthropoda;Timematidae	-_cellular organisms;d_Eukaryota;-_Opisthokonta;k_Metazoa;-_Eumetazoa;-_Bilateria;-_Protostomia;-_Ecdysozoa;-_Panarthropoda;p_Arthropoda;-_Mandibulata;-_Pancrustacea;-_Hexapoda;c_Insecta;-_Dicondylia;-_Pterygota;-_Neoptera;-_Polyneoptera;o_Phasmatodea;-_Timematodea;-_Timematoidea;f_Timematidae;g_Timema;s_Timema poppensis
k141_858711	2	superkingdom	Bacteria	7	6	6	1.000	uc_Bacteria;uc_Bacteria;uc_Bacteria	-_cellular organisms;d_Bacteria
k141_581317	1	no rank	root	5	5	5	1.000	unknown;unknown;unknown	-_root
k141_1039435	1	no rank	root	8	7	7	1.000	unknown;unknown;unknown	-_root
k141_749807	2	superkingdom	Bacteria	13	13	10	0.730	uc_Bacteria;uc_Bacteria;uc_Bacteria	-_cellular organisms;d_Bacteria
k141_425677	1	no rank	root	11	9	9	1.000	unknown;unknown;unknown	-_root
k141_102201	1	no rank	root	2	1	1	1.000	unknown;unknown;unknown	-_root
k141_1043066	1	no rank	root	12	11	11	1.000	unknown;unknown;unknown	-_root
k141_427797	2	superkingdom	Bacteria	17	11	7	0.640	uc_Bacteria;uc_Bacteria;uc_Bacteria	-_cellular organisms;d_Bacteria
k141_251161	194924	family	Desulfovibrionaceae	4	4	3	0.750	unknown;Proteobacteria;Desulfovibrionaceae	-_cellular organisms;d_Bacteria;p_Proteobacteria;-_delta/epsilon subdivisions;c_Deltaproteobacteria;o_Desulfovibrionales;f_Desulfovibrionaceae
k141_251337	1	no rank	root	5	4	4	1.000	unknown;unknown;unknown	-_root
k141_996686	1	no rank	root	4	3	3	1.000	unknown;unknown;unknown	-_root
k141_706109	1	no rank	root	2	2	2	1.000	unknown;unknown;unknown	-_root
k141_545819	194924	family	Desulfovibrionaceae	3	2	1	0.500	unknown;Proteobacteria;Desulfovibrionaceae	-_cellular organisms;d_Bacteria;p_Proteobacteria;-_delta/epsilon subdivisions;c_Deltaproteobacteria;o_Desulfovibrionales;f_Desulfovibrionaceae
k141_546034	28221	class	Deltaproteobacteria	5	4	2	0.500	unknown;Proteobacteria;uc_Deltaproteobacteria	-_cellular organisms;d_Bacteria;p_Proteobacteria;-_delta/epsilon subdivisions;c_Deltaproteobacteria
k141_998250	1	no rank	root	5	4	4	1.000	unknown;unknown;unknown	-_root
k141_708837	1	no rank	root	5	5	5	1.000	unknown;unknown;unknown	-_root
k141_710565	194924	family	Desulfovibrionaceae	11	9	5	0.510	unknown;Proteobacteria;Desulfovibrionaceae	-_cellular organisms;d_Bacteria;p_Proteobacteria;-_delta/epsilon subdivisions;c_Deltaproteobacteria;o_Desulfovibrionales;f_Desulfovibrionaceae
k141_390909	872	genus	Desulfovibrio	2	2	1	0.920	unknown;Proteobacteria;Desulfovibrionaceae	-_cellular organisms;d_Bacteria;p_Proteobacteria;-_delta/epsilon subdivisions;c_Deltaproteobacteria;o_Desulfovibrionales;f_Desulfovibrionaceae;g_Desulfovibrio
k141_1133650	1	no rank	root	12	12	12	1.000	unknown;unknown;unknown	-_root
k141_835156	213115	order	Desulfovibrionales	3	3	2	0.670	unknown;Proteobacteria;uc_Desulfovibrionales	-_cellular organisms;d_Bacteria;p_Proteobacteria;-_delta/epsilon subdivisions;c_Deltaproteobacteria;o_Desulfovibrionales
k141_225557	2	superkingdom	Bacteria	3	1	1	1.000	uc_Bacteria;uc_Bacteria;uc_Bacteria	-_cellular organisms;d_Bacteria
k141_841947	1	no rank	root	3	3	3	1.000	unknown;unknown;unknown	-_root
k141_1011645	2	superkingdom	Bacteria	6	6	4	0.600	uc_Bacteria;uc_Bacteria;uc_Bacteria	-_cellular organisms;d_Bacteria
k141_1011981	1	no rank	root	3	3	3	1.000	unknown;unknown;unknown	-_root
k141_721332	1	no rank	root	3	3	3	1.000	unknown;unknown;unknown	-_root
k141_402403	1	no rank	root	2	2	2	1.000	unknown;unknown;unknown	-_root
k141_227904	194924	family	Desulfovibrionaceae	5	4	2	0.500	unknown;Proteobacteria;Desulfovibrionaceae	-_cellular organisms;d_Bacteria;p_Proteobacteria;-_delta/epsilon subdivisions;c_Deltaproteobacteria;o_Desulfovibrionales;f_Desulfovibrionaceae
k141_84147	194924	family	Desulfovibrionaceae	7	6	3	0.600	unknown;Proteobacteria;Desulfovibrionaceae	-_cellular organisms;d_Bacteria;p_Proteobacteria;-_delta/epsilon subdivisions;c_Deltaproteobacteria;o_Desulfovibrionales;f_Desulfovibrionaceae
k141_561527	872	genus	Desulfovibrio	3	3	2	0.990	unknown;Proteobacteria;Desulfovibrionaceae	-_cellular organisms;d_Bacteria;p_Proteobacteria;-_delta/epsilon subdivisions;c_Deltaproteobacteria;o_Desulfovibrionales;f_Desulfovibrionaceae;g_Desulfovibrio
k141_1016300	239934	genus	Akkermansia	2	2	1	0.500	unknown;Verrucomicrobia;Akkermansiaceae	-_cellular organisms;d_Bacteria;-_PVC group;p_Verrucomicrobia;c_Verrucomicrobiae;o_Verrucomicrobiales;f_Akkermansiaceae;g_Akkermansia
k141_405128	44742	species	Desulfovibrio fairfieldensis	3	2	1	0.500	unknown;Proteobacteria;Desulfovibrionaceae	-_cellular organisms;d_Bacteria;p_Proteobacteria;-_delta/epsilon subdivisions;c_Deltaproteobacteria;o_Desulfovibrionales;f_Desulfovibrionaceae;g_Desulfovibrio;s_Desulfovibrio fairfieldensis
k141_1017527	194924	family	Desulfovibrionaceae	4	4	4	1.000	unknown;Proteobacteria;Desulfovibrionaceae	-_cellular organisms;d_Bacteria;p_Proteobacteria;-_delta/epsilon subdivisions;c_Deltaproteobacteria;o_Desulfovibrionales;f_Desulfovibrionaceae
k141_405601	1	no rank	root	2	2	2	1.000	unknown;unknown;unknown	-_root
k141_1018125	1	no rank	root	12	12	12	1.000	unknown;unknown;unknown	-_root
k141_406098	2	superkingdom	Bacteria	4	3	2	0.520	uc_Bacteria;uc_Bacteria;uc_Bacteria	-_cellular organisms;d_Bacteria
k141_406230	872	genus	Desulfovibrio	2	2	1	0.500	unknown;Proteobacteria;Desulfovibrionaceae	-_cellular organisms;d_Bacteria;p_Proteobacteria;-_delta/epsilon subdivisions;c_Deltaproteobacteria;o_Desulfovibrionales;f_Desulfovibrionaceae;g_Desulfovibrio
k141_564544	1	no rank	root	14	14	14	1.000	unknown;unknown;unknown	-_root
k141_1019644	1	no rank	root	2	2	2	1.000	unknown;unknown;unknown	-_root
k141_1019674	1	no rank	root	3	3	3	1.000	unknown;unknown;unknown	-_root
k141_1020119	28221	class	Deltaproteobacteria	9	9	5	0.560	unknown;Proteobacteria;uc_Deltaproteobacteria	-_cellular organisms;d_Bacteria;p_Proteobacteria;-_delta/epsilon subdivisions;c_Deltaproteobacteria
k141_954367	1	no rank	root	2	1	1	1.000	unknown;unknown;unknown	-_root
k141_801090	1903261	species	Mailhella massiliensis	3	2	1	0.500	unknown;Proteobacteria;Desulfovibrionaceae	-_cellular organisms;d_Bacteria;p_Proteobacteria;-_delta/epsilon subdivisions;c_Deltaproteobacteria;o_Desulfovibrionales;f_Desulfovibrionaceae;g_Mailhella;s_Mailhella massiliensis
k141_504319	872	genus	Desulfovibrio	1	1	1	1.000	unknown;Proteobacteria;Desulfovibrionaceae	-_cellular organisms;d_Bacteria;p_Proteobacteria;-_delta/epsilon subdivisions;c_Deltaproteobacteria;o_Desulfovibrionales;f_Desulfovibrionaceae;g_Desulfovibrio
k141_954622	1224	phylum	Proteobacteria	2	2	1	0.500	unknown;Proteobacteria;uc_Proteobacteria	-_cellular organisms;d_Bacteria;p_Proteobacteria
k141_349521	1	no rank	root	8	7	7	1.000	unknown;unknown;unknown	-_root
k141_1102550	2593640	no rank	unclassified Desulfovibrio	4	2	1	0.500	unknown;Proteobacteria;Desulfovibrionaceae	-_cellular organisms;d_Bacteria;p_Proteobacteria;-_delta/epsilon subdivisions;c_Deltaproteobacteria;o_Desulfovibrionales;f_Desulfovibrionaceae;g_Desulfovibrio;-_unclassified Desulfovibrio
k141_801833	2	superkingdom	Bacteria	5	5	3	0.650	uc_Bacteria;uc_Bacteria;uc_Bacteria	-_cellular organisms;d_Bacteria
k141_662011	1	no rank	root	10	8	8	1.000	unknown;unknown;unknown	-_root
k141_802641	1	no rank	root	3	3	3	1.000	unknown;unknown;unknown	-_root
k141_454064	1	no rank	root	3	3	3	1.000	unknown;unknown;unknown	-_root
k141_391769	1224	phylum	Proteobacteria	7	7	4	0.570	unknown;Proteobacteria;uc_Proteobacteria	-_cellular organisms;d_Bacteria;p_Proteobacteria
k141_550538	2	superkingdom	Bacteria	1	1	1	1.000	uc_Bacteria;uc_Bacteria;uc_Bacteria	-_cellular organisms;d_Bacteria
k141_835839	1	no rank	root	8	8	8	1.000	unknown;unknown;unknown	-_root
k141_550833	1	no rank	root	15	14	14	1.000	unknown;unknown;unknown	-_root
k141_1134614	194924	family	Desulfovibrionaceae	11	11	8	0.730	unknown;Proteobacteria;Desulfovibrionaceae	-_cellular organisms;d_Bacteria;p_Proteobacteria;-_delta/epsilon subdivisions;c_Deltaproteobacteria;o_Desulfovibrionales;f_Desulfovibrionaceae
k141_1003267	1	no rank	root	6	5	5	1.000	unknown;unknown;unknown	-_root
k141_551676	872	genus	Desulfovibrio	2	2	1	0.500	unknown;Proteobacteria;Desulfovibrionaceae	-_cellular organisms;d_Bacteria;p_Proteobacteria;-_delta/epsilon subdivisions;c_Deltaproteobacteria;o_Desulfovibrionales;f_Desulfovibrionaceae;g_Desulfovibrio
k141_221011	1224	phylum	Proteobacteria	3	3	2	0.670	unknown;Proteobacteria;uc_Proteobacteria	-_cellular organisms;d_Bacteria;p_Proteobacteria
k141_552220	1	no rank	root	4	4	4	1.000	unknown;unknown;unknown	-_root
k141_1004981	1	no rank	root	4	4	4	1.000	unknown;unknown;unknown	-_root
k141_573511	1049336	species	Ephemera danica	3	2	1	0.500	Metazoa;Arthropoda;Ephemeridae	-_cellular organisms;d_Eukaryota;-_Opisthokonta;k_Metazoa;-_Eumetazoa;-_Bilateria;-_Protostomia;-_Ecdysozoa;-_Panarthropoda;p_Arthropoda;-_Mandibulata;-_Pancrustacea;-_Hexapoda;c_Insecta;-_Dicondylia;-_Pterygota;-_Palaeoptera;o_Ephemeroptera;-_Furcatergalia;-_Scapphodonta;f_Ephemeridae;g_Ephemera;s_Ephemera danica
k141_853741	2	superkingdom	Bacteria	3	3	3	1.000	uc_Bacteria;uc_Bacteria;uc_Bacteria	-_cellular organisms;d_Bacteria
k141_1031146	2	superkingdom	Bacteria	7	7	7	1.000	uc_Bacteria;uc_Bacteria;uc_Bacteria	-_cellular organisms;d_Bacteria
k141_94307	2	superkingdom	Bacteria	2	2	2	1.000	uc_Bacteria;uc_Bacteria;uc_Bacteria	-_cellular organisms;d_Bacteria
k141_416993	1	no rank	root	6	6	6	1.000	unknown;unknown;unknown	-_root
k141_741695	28221	class	Deltaproteobacteria	5	5	2	0.640	unknown;Proteobacteria;uc_Deltaproteobacteria	-_cellular organisms;d_Bacteria;p_Proteobacteria;-_delta/epsilon subdivisions;c_Deltaproteobacteria
k141_1031844	1	no rank	root	8	8	8	1.000	unknown;unknown;unknown	-_root
k141_855584	194924	family	Desulfovibrionaceae	4	3	3	1.000	unknown;Proteobacteria;Desulfovibrionaceae	-_cellular organisms;d_Bacteria;p_Proteobacteria;-_delta/epsilon subdivisions;c_Deltaproteobacteria;o_Desulfovibrionales;f_Desulfovibrionaceae
k141_139788	1	no rank	root	3	2	2	1.000	unknown;unknown;unknown	-_root
k141_1197276	1	no rank	root	8	6	6	1.000	unknown;unknown;unknown	-_root
k141_179754	28221	class	Deltaproteobacteria	5	5	3	0.600	unknown;Proteobacteria;uc_Deltaproteobacteria	-_cellular organisms;d_Bacteria;p_Proteobacteria;-_delta/epsilon subdivisions;c_Deltaproteobacteria
k141_338142	28221	class	Deltaproteobacteria	2	2	1	0.500	unknown;Proteobacteria;uc_Deltaproteobacteria	-_cellular organisms;d_Bacteria;p_Proteobacteria;-_delta/epsilon subdivisions;c_Deltaproteobacteria
k141_493479	1	no rank	root	8	8	8	1.000	unknown;unknown;unknown	-_root
k141_339072	1	no rank	root	9	8	8	1.000	unknown;unknown;unknown	-_root
k141_647827	194924	family	Desulfovibrionaceae	7	7	5	0.800	unknown;Proteobacteria;Desulfovibrionaceae	-_cellular organisms;d_Bacteria;p_Proteobacteria;-_delta/epsilon subdivisions;c_Deltaproteobacteria;o_Desulfovibrionales;f_Desulfovibrionaceae
k141_493855	2	superkingdom	Bacteria	9	8	6	0.800	uc_Bacteria;uc_Bacteria;uc_Bacteria	-_cellular organisms;d_Bacteria
k141_494125	1	no rank	root	3	3	3	1.000	unknown;unknown;unknown	-_root
k141_494259	1	no rank	root	9	7	7	1.000	unknown;unknown;unknown	-_root
k141_792604	1	no rank	root	4	4	4	1.000	unknown;unknown;unknown	-_root
k141_340405	28221	class	Deltaproteobacteria	3	2	2	1.000	unknown;Proteobacteria;uc_Deltaproteobacteria	-_cellular organisms;d_Bacteria;p_Proteobacteria;-_delta/epsilon subdivisions;c_Deltaproteobacteria
k141_758977	28221	class	Deltaproteobacteria	5	4	3	0.750	unknown;Proteobacteria;uc_Deltaproteobacteria	-_cellular organisms;d_Bacteria;p_Proteobacteria;-_delta/epsilon subdivisions;c_Deltaproteobacteria
k141_1636	1	no rank	root	2	2	2	1.000	unknown;unknown;unknown	-_root
k141_304546	2	superkingdom	Bacteria	8	7	4	0.660	uc_Bacteria;uc_Bacteria;uc_Bacteria	-_cellular organisms;d_Bacteria
k141_305058	1	no rank	root	6	6	6	1.000	unknown;unknown;unknown	-_root
k141_153355	1	no rank	root	4	4	4	1.000	unknown;unknown;unknown	-_root
k141_608573	194924	family	Desulfovibrionaceae	13	12	10	0.880	unknown;Proteobacteria;Desulfovibrionaceae	-_cellular organisms;d_Bacteria;p_Proteobacteria;-_delta/epsilon subdivisions;c_Deltaproteobacteria;o_Desulfovibrionales;f_Desulfovibrionaceae
k141_1062031	1	no rank	root	13	12	12	1.000	unknown;unknown;unknown	-_root
k141_305368	2709792	species	Desulfovibrio sp. ZJ200	2	1	1	1.000	unknown;Proteobacteria;Desulfovibrionaceae	-_cellular organisms;d_Bacteria;p_Proteobacteria;-_delta/epsilon subdivisions;c_Deltaproteobacteria;o_Desulfovibrionales;f_Desulfovibrionaceae;g_Desulfovibrio;-_unclassified Desulfovibrio;s_Desulfovibrio sp. ZJ200
k141_153518	1	no rank	root	4	3	3	1.000	unknown;unknown;unknown	-_root
k141_1062173	1	no rank	root	4	4	4	1.000	unknown;unknown;unknown	-_root
k141_950625	1	no rank	root	2	2	2	1.000	unknown;unknown;unknown	-_root
k141_655653	2	superkingdom	Bacteria	4	4	3	0.670	uc_Bacteria;uc_Bacteria;uc_Bacteria	-_cellular organisms;d_Bacteria
k141_346011	1	no rank	root	3	3	3	1.000	unknown;unknown;unknown	-_root
k141_1099654	194924	family	Desulfovibrionaceae	5	3	2	0.670	unknown;Proteobacteria;Desulfovibrionaceae	-_cellular organisms;d_Bacteria;p_Proteobacteria;-_delta/epsilon subdivisions;c_Deltaproteobacteria;o_Desulfovibrionales;f_Desulfovibrionaceae
k141_501114	872	genus	Desulfovibrio	3	3	2	0.670	unknown;Proteobacteria;Desulfovibrionaceae	-_cellular organisms;d_Bacteria;p_Proteobacteria;-_delta/epsilon subdivisions;c_Deltaproteobacteria;o_Desulfovibrionales;f_Desulfovibrionaceae;g_Desulfovibrio
k141_798300	665942	species	Desulfovibrio sp. 6_1_46AFAA	2	2	1	0.500	unknown;Proteobacteria;Desulfovibrionaceae	-_cellular organisms;d_Bacteria;p_Proteobacteria;-_delta/epsilon subdivisions;c_Deltaproteobacteria;o_Desulfovibrionales;f_Desulfovibrionaceae;g_Desulfovibrio;-_unclassified Desulfovibrio;s_Desulfovibrio sp. 6_1_46AFAA
k141_501316	1	no rank	root	8	8	8	1.000	unknown;unknown;unknown	-_root
k141_798411	194924	family	Desulfovibrionaceae	3	3	2	0.670	unknown;Proteobacteria;Desulfovibrionaceae	-_cellular organisms;d_Bacteria;p_Proteobacteria;-_delta/epsilon subdivisions;c_Deltaproteobacteria;o_Desulfovibrionales;f_Desulfovibrionaceae
k141_186854	1	no rank	root	9	7	7	1.000	unknown;unknown;unknown	-_root
k141_347336	2	superkingdom	Bacteria	9	9	5	0.500	uc_Bacteria;uc_Bacteria;uc_Bacteria	-_cellular organisms;d_Bacteria
k141_888649	1	no rank	root	10	10	10	1.000	unknown;unknown;unknown	-_root
k141_280251	1	no rank	root	20	18	18	1.000	unknown;unknown;unknown	-_root
k141_889769	1	no rank	root	6	5	5	1.000	unknown;unknown;unknown	-_root
k141_889882	1	no rank	root	3	3	3	1.000	unknown;unknown;unknown	-_root
k141_1184701	1903261	species	Mailhella massiliensis	2	1	1	1.000	unknown;Proteobacteria;Desulfovibrionaceae	-_cellular organisms;d_Bacteria;p_Proteobacteria;-_delta/epsilon subdivisions;c_Deltaproteobacteria;o_Desulfovibrionales;f_Desulfovibrionaceae;g_Mailhella;s_Mailhella massiliensis
k141_129255	1	no rank	root	13	11	11	1.000	unknown;unknown;unknown	-_root
k141_129381	1	no rank	root	36	32	32	1.000	unknown;unknown;unknown	-_root
k141_891619	1	no rank	root	3	3	3	1.000	unknown;unknown;unknown	-_root
k141_282827	1	no rank	root	20	18	18	1.000	unknown;unknown;unknown	-_root
k141_1190527	1	no rank	root	4	4	4	1.000	unknown;unknown;unknown	-_root
k141_184291	1	no rank	root	3	3	3	1.000	unknown;unknown;unknown	-_root
k141_653524	194924	family	Desulfovibrionaceae	3	3	2	0.670	unknown;Proteobacteria;Desulfovibrionaceae	-_cellular organisms;d_Bacteria;p_Proteobacteria;-_delta/epsilon subdivisions;c_Deltaproteobacteria;o_Desulfovibrionales;f_Desulfovibrionaceae
k141_498846	194924	family	Desulfovibrionaceae	5	5	4	0.680	unknown;Proteobacteria;Desulfovibrionaceae	-_cellular organisms;d_Bacteria;p_Proteobacteria;-_delta/epsilon subdivisions;c_Deltaproteobacteria;o_Desulfovibrionales;f_Desulfovibrionaceae
k141_499076	2049043	species	Desulfovibrionaceae bacterium	2	2	1	0.500	unknown;Proteobacteria;Desulfovibrionaceae	-_cellular organisms;d_Bacteria;p_Proteobacteria;-_delta/epsilon subdivisions;c_Deltaproteobacteria;o_Desulfovibrionales;f_Desulfovibrionaceae;-_unclassified Desulfovibrionaceae;s_Desulfovibrionaceae bacterium
k141_654764	194924	family	Desulfovibrionaceae	4	4	2	0.500	unknown;Proteobacteria;Desulfovibrionaceae	-_cellular organisms;d_Bacteria;p_Proteobacteria;-_delta/epsilon subdivisions;c_Deltaproteobacteria;o_Desulfovibrionales;f_Desulfovibrionaceae
k141_185327	1	no rank	root	9	9	9	1.000	unknown;unknown;unknown	-_root
k141_1098610	2	superkingdom	Bacteria	4	4	2	0.500	uc_Bacteria;uc_Bacteria;uc_Bacteria	-_cellular organisms;d_Bacteria
k141_37625	1	no rank	root	3	3	3	1.000	unknown;unknown;unknown	-_root
k141_185560	1	no rank	root	3	2	2	1.000	unknown;unknown;unknown	-_root
k141_185566	1	no rank	root	10	10	10	1.000	unknown;unknown;unknown	-_root
k141_918709	1	no rank	root	9	8	8	1.000	unknown;unknown;unknown	-_root
k141_767721	2	superkingdom	Bacteria	5	5	3	0.510	uc_Bacteria;uc_Bacteria;uc_Bacteria	-_cellular organisms;d_Bacteria
k141_160781	194924	family	Desulfovibrionaceae	6	6	6	1.000	unknown;Proteobacteria;Desulfovibrionaceae	-_cellular organisms;d_Bacteria;p_Proteobacteria;-_delta/epsilon subdivisions;c_Deltaproteobacteria;o_Desulfovibrionales;f_Desulfovibrionaceae
k141_313038	2	superkingdom	Bacteria	6	6	3	0.500	uc_Bacteria;uc_Bacteria;uc_Bacteria	-_cellular organisms;d_Bacteria
k141_617956	1	no rank	root	6	5	5	1.000	unknown;unknown;unknown	-_root
k141_314030	872	genus	Desulfovibrio	4	4	2	0.500	unknown;Proteobacteria;Desulfovibrionaceae	-_cellular organisms;d_Bacteria;p_Proteobacteria;-_delta/epsilon subdivisions;c_Deltaproteobacteria;o_Desulfovibrionales;f_Desulfovibrionaceae;g_Desulfovibrio
k141_619825	1	no rank	root	3	3	3	1.000	unknown;unknown;unknown	-_root
k141_11516	2	superkingdom	Bacteria	8	6	4	0.510	uc_Bacteria;uc_Bacteria;uc_Bacteria	-_cellular organisms;d_Bacteria
k141_11995	872	genus	Desulfovibrio	4	4	2	0.500	unknown;Proteobacteria;Desulfovibrionaceae	-_cellular organisms;d_Bacteria;p_Proteobacteria;-_delta/epsilon subdivisions;c_Deltaproteobacteria;o_Desulfovibrionales;f_Desulfovibrionaceae;g_Desulfovibrio
k141_921927	1	no rank	root	3	3	3	1.000	unknown;unknown;unknown	-_root
k141_158666	2	superkingdom	Bacteria	6	5	3	0.600	uc_Bacteria;uc_Bacteria;uc_Bacteria	-_cellular organisms;d_Bacteria
k141_311108	872	genus	Desulfovibrio	5	5	3	0.600	unknown;Proteobacteria;Desulfovibrionaceae	-_cellular organisms;d_Bacteria;p_Proteobacteria;-_delta/epsilon subdivisions;c_Deltaproteobacteria;o_Desulfovibrionales;f_Desulfovibrionaceae;g_Desulfovibrio
k141_8465	1	no rank	root	4	4	4	1.000	unknown;unknown;unknown	-_root
k141_463886	1	no rank	root	3	3	3	1.000	unknown;unknown;unknown	-_root
k141_766018	1	no rank	root	2	2	2	1.000	unknown;unknown;unknown	-_root
k141_1068763	2	superkingdom	Bacteria	11	10	6	0.600	uc_Bacteria;uc_Bacteria;uc_Bacteria	-_cellular organisms;d_Bacteria
k141_766198	194924	family	Desulfovibrionaceae	3	3	2	0.670	unknown;Proteobacteria;Desulfovibrionaceae	-_cellular organisms;d_Bacteria;p_Proteobacteria;-_delta/epsilon subdivisions;c_Deltaproteobacteria;o_Desulfovibrionales;f_Desulfovibrionaceae
k141_1069049	1	no rank	root	16	15	15	1.000	unknown;unknown;unknown	-_root
k141_159692	1	no rank	root	6	6	6	1.000	unknown;unknown;unknown	-_root
k141_312603	1	no rank	root	5	5	5	1.000	unknown;unknown;unknown	-_root
k141_171720	872	genus	Desulfovibrio	2	2	1	0.500	unknown;Proteobacteria;Desulfovibrionaceae	-_cellular organisms;d_Bacteria;p_Proteobacteria;-_delta/epsilon subdivisions;c_Deltaproteobacteria;o_Desulfovibrionales;f_Desulfovibrionaceae;g_Desulfovibrio
k141_327684	35832	genus	Bilophila	4	4	2	0.500	unknown;Proteobacteria;Desulfovibrionaceae	-_cellular organisms;d_Bacteria;p_Proteobacteria;-_delta/epsilon subdivisions;c_Deltaproteobacteria;o_Desulfovibrionales;f_Desulfovibrionaceae;g_Bilophila
k141_634862	1	no rank	root	23	21	21	1.000	unknown;unknown;unknown	-_root
k141_781861	872	genus	Desulfovibrio	3	3	3	1.000	unknown;Proteobacteria;Desulfovibrionaceae	-_cellular organisms;d_Bacteria;p_Proteobacteria;-_delta/epsilon subdivisions;c_Deltaproteobacteria;o_Desulfovibrionales;f_Desulfovibrionaceae;g_Desulfovibrio
k141_781956	2	superkingdom	Bacteria	5	4	2	0.500	uc_Bacteria;uc_Bacteria;uc_Bacteria	-_cellular organisms;d_Bacteria
k141_636759	1	no rank	root	7	6	6	1.000	unknown;unknown;unknown	-_root
k141_173092	1	no rank	root	6	6	6	1.000	unknown;unknown;unknown	-_root
k141_23358	1	no rank	root	2	1	1	1.000	unknown;unknown;unknown	-_root
k141_934562	2	superkingdom	Bacteria	6	5	5	1.000	uc_Bacteria;uc_Bacteria;uc_Bacteria	-_cellular organisms;d_Bacteria
k141_173476	872	genus	Desulfovibrio	3	3	2	0.670	unknown;Proteobacteria;Desulfovibrionaceae	-_cellular organisms;d_Bacteria;p_Proteobacteria;-_delta/epsilon subdivisions;c_Deltaproteobacteria;o_Desulfovibrionales;f_Desulfovibrionaceae;g_Desulfovibrio
k141_45284	1	no rank	root	3	3	3	1.000	unknown;unknown;unknown	-_root
k141_192788	2	superkingdom	Bacteria	7	5	3	0.600	uc_Bacteria;uc_Bacteria;uc_Bacteria	-_cellular organisms;d_Bacteria
k141_806299	2	superkingdom	Bacteria	9	6	3	0.590	uc_Bacteria;uc_Bacteria;uc_Bacteria	-_cellular organisms;d_Bacteria
k141_1107842	1	no rank	root	4	4	4	1.000	unknown;unknown;unknown	-_root
k141_961817	2	superkingdom	Bacteria	8	6	3	0.500	uc_Bacteria;uc_Bacteria;uc_Bacteria	-_cellular organisms;d_Bacteria
k141_1109220	213115	order	Desulfovibrionales	5	4	2	0.500	unknown;Proteobacteria;uc_Desulfovibrionales	-_cellular organisms;d_Bacteria;p_Proteobacteria;-_delta/epsilon subdivisions;c_Deltaproteobacteria;o_Desulfovibrionales
k141_1109241	1	no rank	root	6	5	5	1.000	unknown;unknown;unknown	-_root
k141_807759	872	genus	Desulfovibrio	4	4	2	0.650	unknown;Proteobacteria;Desulfovibrionaceae	-_cellular organisms;d_Bacteria;p_Proteobacteria;-_delta/epsilon subdivisions;c_Deltaproteobacteria;o_Desulfovibrionales;f_Desulfovibrionaceae;g_Desulfovibrio
k141_671018	1	no rank	root	8	8	8	1.000	unknown;unknown;unknown	-_root
k141_513918	2	superkingdom	Bacteria	7	4	2	0.500	uc_Bacteria;uc_Bacteria;uc_Bacteria	-_cellular organisms;d_Bacteria
k141_1103933	1	no rank	root	7	7	7	1.000	unknown;unknown;unknown	-_root
k141_956763	1	no rank	root	7	7	7	1.000	unknown;unknown;unknown	-_root
k141_662928	872	genus	Desulfovibrio	2	2	2	1.000	unknown;Proteobacteria;Desulfovibrionaceae	-_cellular organisms;d_Bacteria;p_Proteobacteria;-_delta/epsilon subdivisions;c_Deltaproteobacteria;o_Desulfovibrionales;f_Desulfovibrionaceae;g_Desulfovibrio
k141_189936	1	no rank	root	6	4	4	1.000	unknown;unknown;unknown	-_root
k141_352343	28221	class	Deltaproteobacteria	2	2	1	0.500	unknown;Proteobacteria;uc_Deltaproteobacteria	-_cellular organisms;d_Bacteria;p_Proteobacteria;-_delta/epsilon subdivisions;c_Deltaproteobacteria
k141_190463	1224	phylum	Proteobacteria	5	3	2	0.670	unknown;Proteobacteria;uc_Proteobacteria	-_cellular organisms;d_Bacteria;p_Proteobacteria
k141_507463	1224	phylum	Proteobacteria	5	5	3	0.500	unknown;Proteobacteria;uc_Proteobacteria	-_cellular organisms;d_Bacteria;p_Proteobacteria
k141_507465	1	no rank	root	5	5	5	1.000	unknown;unknown;unknown	-_root
k141_352615	1	no rank	root	8	8	8	1.000	unknown;unknown;unknown	-_root
k141_958361	194924	family	Desulfovibrionaceae	3	3	2	0.670	unknown;Proteobacteria;Desulfovibrionaceae	-_cellular organisms;d_Bacteria;p_Proteobacteria;-_delta/epsilon subdivisions;c_Deltaproteobacteria;o_Desulfovibrionales;f_Desulfovibrionaceae
k141_157576	1	no rank	root	2	2	2	1.000	unknown;unknown;unknown	-_root
k141_157634	2	superkingdom	Bacteria	6	6	4	0.610	uc_Bacteria;uc_Bacteria;uc_Bacteria	-_cellular organisms;d_Bacteria
k141_7238	1	no rank	root	18	16	16	1.000	unknown;unknown;unknown	-_root
k141_1067228	1049336	species	Ephemera danica	2	2	1	0.500	Metazoa;Arthropoda;Ephemeridae	-_cellular organisms;d_Eukaryota;-_Opisthokonta;k_Metazoa;-_Eumetazoa;-_Bilateria;-_Protostomia;-_Ecdysozoa;-_Panarthropoda;p_Arthropoda;-_Mandibulata;-_Pancrustacea;-_Hexapoda;c_Insecta;-_Dicondylia;-_Pterygota;-_Palaeoptera;o_Ephemeroptera;-_Furcatergalia;-_Scapphodonta;f_Ephemeridae;g_Ephemera;s_Ephemera danica
k141_462889	2	superkingdom	Bacteria	7	5	4	0.540	uc_Bacteria;uc_Bacteria;uc_Bacteria	-_cellular organisms;d_Bacteria
k141_310563	876	species	Desulfovibrio desulfuricans	4	4	3	0.750	unknown;Proteobacteria;Desulfovibrionaceae	-_cellular organisms;d_Bacteria;p_Proteobacteria;-_delta/epsilon subdivisions;c_Deltaproteobacteria;o_Desulfovibrionales;f_Desulfovibrionaceae;g_Desulfovibrio;s_Desulfovibrio desulfuricans
k141_463073	1224	phylum	Proteobacteria	6	5	3	0.510	unknown;Proteobacteria;uc_Proteobacteria	-_cellular organisms;d_Bacteria;p_Proteobacteria
k141_463214	1	no rank	root	2	2	2	1.000	unknown;unknown;unknown	-_root
k141_615214	1	no rank	root	11	11	11	1.000	unknown;unknown;unknown	-_root
k141_916458	1	no rank	root	7	7	7	1.000	unknown;unknown;unknown	-_root
k141_99	2696086	species	Candidatus Desulfovibrio kirbyi	3	2	1	0.500	unknown;Proteobacteria;Desulfovibrionaceae	-_cellular organisms;d_Bacteria;p_Proteobacteria;-_delta/epsilon subdivisions;c_Deltaproteobacteria;o_Desulfovibrionales;f_Desulfovibrionaceae;g_Desulfovibrio;s_Candidatus Desulfovibrio kirbyi
k141_303072	2	superkingdom	Bacteria	6	5	3	0.600	uc_Bacteria;uc_Bacteria;uc_Bacteria	-_cellular organisms;d_Bacteria
k141_757040	28221	class	Deltaproteobacteria	5	4	2	0.500	unknown;Proteobacteria;uc_Deltaproteobacteria	-_cellular organisms;d_Bacteria;p_Proteobacteria;-_delta/epsilon subdivisions;c_Deltaproteobacteria
k141_454750	194924	family	Desulfovibrionaceae	5	5	4	0.800	unknown;Proteobacteria;Desulfovibrionaceae	-_cellular organisms;d_Bacteria;p_Proteobacteria;-_delta/epsilon subdivisions;c_Deltaproteobacteria;o_Desulfovibrionales;f_Desulfovibrionaceae
k141_558	872	genus	Desulfovibrio	4	3	2	0.520	unknown;Proteobacteria;Desulfovibrionaceae	-_cellular organisms;d_Bacteria;p_Proteobacteria;-_delta/epsilon subdivisions;c_Deltaproteobacteria;o_Desulfovibrionales;f_Desulfovibrionaceae;g_Desulfovibrio
k141_1060048	1	no rank	root	5	5	5	1.000	unknown;unknown;unknown	-_root
k141_757832	44742	species	Desulfovibrio fairfieldensis	1	1	1	1.000	unknown;Proteobacteria;Desulfovibrionaceae	-_cellular organisms;d_Bacteria;p_Proteobacteria;-_delta/epsilon subdivisions;c_Deltaproteobacteria;o_Desulfovibrionales;f_Desulfovibrionaceae;g_Desulfovibrio;s_Desulfovibrio fairfieldensis
k141_606646	1903261	species	Mailhella massiliensis	6	4	2	0.500	unknown;Proteobacteria;Desulfovibrionaceae	-_cellular organisms;d_Bacteria;p_Proteobacteria;-_delta/epsilon subdivisions;c_Deltaproteobacteria;o_Desulfovibrionales;f_Desulfovibrionaceae;g_Mailhella;s_Mailhella massiliensis
k141_152209	1	no rank	root	1	1	1	1.000	unknown;unknown;unknown	-_root
k141_758308	1	no rank	root	4	4	4	1.000	unknown;unknown;unknown	-_root
k141_335718	28221	class	Deltaproteobacteria	2	2	1	0.500	unknown;Proteobacteria;uc_Deltaproteobacteria	-_cellular organisms;d_Bacteria;p_Proteobacteria;-_delta/epsilon subdivisions;c_Deltaproteobacteria
k141_29637	1	no rank	root	3	1	1	1.000	unknown;unknown;unknown	-_root
k141_178798	394935	species	Chromobacterium haemolyticum	3	2	1	0.500	unknown;Proteobacteria;Chromobacteriaceae	-_cellular organisms;d_Bacteria;p_Proteobacteria;c_Betaproteobacteria;o_Neisseriales;f_Chromobacteriaceae;-_Chromobacterium group;g_Chromobacterium;s_Chromobacterium haemolyticum
k141_789949	2	superkingdom	Bacteria	9	7	4	0.500	uc_Bacteria;uc_Bacteria;uc_Bacteria	-_cellular organisms;d_Bacteria
k141_790093	2	superkingdom	Bacteria	10	10	5	0.500	uc_Bacteria;uc_Bacteria;uc_Bacteria	-_cellular organisms;d_Bacteria
k141_942746	28221	class	Deltaproteobacteria	12	12	7	0.550	unknown;Proteobacteria;uc_Deltaproteobacteria	-_cellular organisms;d_Bacteria;p_Proteobacteria;-_delta/epsilon subdivisions;c_Deltaproteobacteria
k141_790381	1224	phylum	Proteobacteria	5	5	3	0.510	unknown;Proteobacteria;uc_Proteobacteria	-_cellular organisms;d_Bacteria;p_Proteobacteria
k141_942821	1	no rank	root	13	13	13	1.000	unknown;unknown;unknown	-_root
k141_646072	1	no rank	root	9	9	9	1.000	unknown;unknown;unknown	-_root
k141_337652	1224	phylum	Proteobacteria	5	4	2	0.500	unknown;Proteobacteria;uc_Proteobacteria	-_cellular organisms;d_Bacteria;p_Proteobacteria
k141_1073438	2	superkingdom	Bacteria	5	5	3	0.510	uc_Bacteria;uc_Bacteria;uc_Bacteria	-_cellular organisms;d_Bacteria
k141_622787	1	no rank	root	4	3	3	1.000	unknown;unknown;unknown	-_root
k141_14052	1224	phylum	Proteobacteria	4	3	3	1.000	unknown;Proteobacteria;uc_Proteobacteria	-_cellular organisms;d_Bacteria;p_Proteobacteria
k141_624615	1	no rank	root	5	4	4	1.000	unknown;unknown;unknown	-_root
k141_1074569	1	no rank	root	23	23	23	1.000	unknown;unknown;unknown	-_root
k141_924729	1	no rank	root	4	4	4	1.000	unknown;unknown;unknown	-_root
k141_16332	1	no rank	root	4	4	4	1.000	unknown;unknown;unknown	-_root
k141_320679	2	superkingdom	Bacteria	2	2	2	1.000	uc_Bacteria;uc_Bacteria;uc_Bacteria	-_cellular organisms;d_Bacteria
k141_627273	1224	phylum	Proteobacteria	7	6	4	0.520	unknown;Proteobacteria;uc_Proteobacteria	-_cellular organisms;d_Bacteria;p_Proteobacteria
k141_472772	1	no rank	root	3	3	3	1.000	unknown;unknown;unknown	-_root
k141_1105862	213115	order	Desulfovibrionales	7	6	3	0.500	unknown;Proteobacteria;uc_Desulfovibrionales	-_cellular organisms;d_Bacteria;p_Proteobacteria;-_delta/epsilon subdivisions;c_Deltaproteobacteria;o_Desulfovibrionales
k141_665195	194924	family	Desulfovibrionaceae	3	3	2	0.670	unknown;Proteobacteria;Desulfovibrionaceae	-_cellular organisms;d_Bacteria;p_Proteobacteria;-_delta/epsilon subdivisions;c_Deltaproteobacteria;o_Desulfovibrionales;f_Desulfovibrionaceae
k141_44176	872	genus	Desulfovibrio	3	3	2	0.670	unknown;Proteobacteria;Desulfovibrionaceae	-_cellular organisms;d_Bacteria;p_Proteobacteria;-_delta/epsilon subdivisions;c_Deltaproteobacteria;o_Desulfovibrionales;f_Desulfovibrionaceae;g_Desulfovibrio
k141_665415	693988	species	Bilophila sp. 4_1_30	5	5	3	0.740	unknown;Proteobacteria;Desulfovibrionaceae	-_cellular organisms;d_Bacteria;p_Proteobacteria;-_delta/epsilon subdivisions;c_Deltaproteobacteria;o_Desulfovibrionales;f_Desulfovibrionaceae;g_Bilophila;-_unclassified Bilophila;s_Bilophila sp. 4_1_30
k141_959548	1	no rank	root	4	4	4	1.000	unknown;unknown;unknown	-_root
k141_665646	1	no rank	root	3	3	3	1.000	unknown;unknown;unknown	-_root
k141_665893	2	superkingdom	Bacteria	11	9	6	0.610	uc_Bacteria;uc_Bacteria;uc_Bacteria	-_cellular organisms;d_Bacteria
k141_44586	1	no rank	root	12	12	12	1.000	unknown;unknown;unknown	-_root
k141_805491	872	genus	Desulfovibrio	4	3	2	0.670	unknown;Proteobacteria;Desulfovibrionaceae	-_cellular organisms;d_Bacteria;p_Proteobacteria;-_delta/epsilon subdivisions;c_Deltaproteobacteria;o_Desulfovibrionales;f_Desulfovibrionaceae;g_Desulfovibrio
k141_192529	1224	phylum	Proteobacteria	7	6	4	0.600	unknown;Proteobacteria;uc_Proteobacteria	-_cellular organisms;d_Bacteria;p_Proteobacteria
k141_204015	1	no rank	root	10	8	8	1.000	unknown;unknown;unknown	-_root
k141_682381	35832	genus	Bilophila	1	1	1	1.000	unknown;Proteobacteria;Desulfovibrionaceae	-_cellular organisms;d_Bacteria;p_Proteobacteria;-_delta/epsilon subdivisions;c_Deltaproteobacteria;o_Desulfovibrionales;f_Desulfovibrionaceae;g_Bilophila
k141_683758	1	no rank	root	11	9	9	1.000	unknown;unknown;unknown	-_root
k141_372980	194924	family	Desulfovibrionaceae	2	2	1	0.500	unknown;Proteobacteria;Desulfovibrionaceae	-_cellular organisms;d_Bacteria;p_Proteobacteria;-_delta/epsilon subdivisions;c_Deltaproteobacteria;o_Desulfovibrionales;f_Desulfovibrionaceae
k141_373088	194924	family	Desulfovibrionaceae	2	2	1	0.500	unknown;Proteobacteria;Desulfovibrionaceae	-_cellular organisms;d_Bacteria;p_Proteobacteria;-_delta/epsilon subdivisions;c_Deltaproteobacteria;o_Desulfovibrionales;f_Desulfovibrionaceae
k141_59184	1	no rank	root	2	2	2	1.000	unknown;unknown;unknown	-_root
k141_373226	1	no rank	root	5	4	4	1.000	unknown;unknown;unknown	-_root
k141_59416	1	no rank	root	6	5	5	1.000	unknown;unknown;unknown	-_root
k141_685883	1	no rank	root	18	16	16	1.000	unknown;unknown;unknown	-_root
k141_820149	2	superkingdom	Bacteria	3	3	2	0.670	uc_Bacteria;uc_Bacteria;uc_Bacteria	-_cellular organisms;d_Bacteria
k141_67853	194924	family	Desulfovibrionaceae	4	4	2	0.500	unknown;Proteobacteria;Desulfovibrionaceae	-_cellular organisms;d_Bacteria;p_Proteobacteria;-_delta/epsilon subdivisions;c_Deltaproteobacteria;o_Desulfovibrionales;f_Desulfovibrionaceae
k141_988974	2	superkingdom	Bacteria	5	4	2	0.500	uc_Bacteria;uc_Bacteria;uc_Bacteria	-_cellular organisms;d_Bacteria
k141_696674	2	superkingdom	Bacteria	2	2	1	0.500	uc_Bacteria;uc_Bacteria;uc_Bacteria	-_cellular organisms;d_Bacteria
k141_1130749	1224	phylum	Proteobacteria	3	3	2	0.670	unknown;Proteobacteria;uc_Proteobacteria	-_cellular organisms;d_Bacteria;p_Proteobacteria
k141_215833	1	no rank	root	4	3	3	1.000	unknown;unknown;unknown	-_root
k141_697942	1	no rank	root	10	10	10	1.000	unknown;unknown;unknown	-_root
k141_698160	28221	class	Deltaproteobacteria	4	3	2	0.670	unknown;Proteobacteria;uc_Deltaproteobacteria	-_cellular organisms;d_Bacteria;p_Proteobacteria;-_delta/epsilon subdivisions;c_Deltaproteobacteria
k141_69421	1	no rank	root	5	5	5	1.000	unknown;unknown;unknown	-_root
k141_1131498	1	no rank	root	6	6	6	1.000	unknown;unknown;unknown	-_root
k141_700171	1	no rank	root	2	2	2	1.000	unknown;unknown;unknown	-_root
k141_926195	2	superkingdom	Bacteria	7	6	3	0.590	uc_Bacteria;uc_Bacteria;uc_Bacteria	-_cellular organisms;d_Bacteria
k141_321309	1	no rank	root	4	3	3	1.000	unknown;unknown;unknown	-_root
k141_473532	1	no rank	root	13	9	9	1.000	unknown;unknown;unknown	-_root
k141_927003	2	superkingdom	Bacteria	8	8	4	0.560	uc_Bacteria;uc_Bacteria;uc_Bacteria	-_cellular organisms;d_Bacteria
k141_775695	194924	family	Desulfovibrionaceae	3	3	3	1.000	unknown;Proteobacteria;Desulfovibrionaceae	-_cellular organisms;d_Bacteria;p_Proteobacteria;-_delta/epsilon subdivisions;c_Deltaproteobacteria;o_Desulfovibrionales;f_Desulfovibrionaceae
k141_775821	194924	family	Desulfovibrionaceae	2	2	2	1.000	unknown;Proteobacteria;Desulfovibrionaceae	-_cellular organisms;d_Bacteria;p_Proteobacteria;-_delta/epsilon subdivisions;c_Deltaproteobacteria;o_Desulfovibrionales;f_Desulfovibrionaceae
k141_168286	194924	family	Desulfovibrionaceae	9	8	4	0.500	unknown;Proteobacteria;Desulfovibrionaceae	-_cellular organisms;d_Bacteria;p_Proteobacteria;-_delta/epsilon subdivisions;c_Deltaproteobacteria;o_Desulfovibrionales;f_Desulfovibrionaceae
k141_323572	1	no rank	root	6	6	6	1.000	unknown;unknown;unknown	-_root
k141_323903	1	no rank	root	6	6	6	1.000	unknown;unknown;unknown	-_root
k141_777978	872	genus	Desulfovibrio	2	2	1	0.500	unknown;Proteobacteria;Desulfovibrionaceae	-_cellular organisms;d_Bacteria;p_Proteobacteria;-_delta/epsilon subdivisions;c_Deltaproteobacteria;o_Desulfovibrionales;f_Desulfovibrionaceae;g_Desulfovibrio
k141_929713	1	no rank	root	4	3	3	1.000	unknown;unknown;unknown	-_root
k141_929779	1	no rank	root	3	3	3	1.000	unknown;unknown;unknown	-_root
k141_325344	1	no rank	root	8	8	8	1.000	unknown;unknown;unknown	-_root
k141_930534	213115	order	Desulfovibrionales	5	4	2	0.500	unknown;Proteobacteria;uc_Desulfovibrionales	-_cellular organisms;d_Bacteria;p_Proteobacteria;-_delta/epsilon subdivisions;c_Deltaproteobacteria;o_Desulfovibrionales
k141_478320	2	superkingdom	Bacteria	2	2	1	0.500	uc_Bacteria;uc_Bacteria;uc_Bacteria	-_cellular organisms;d_Bacteria
k141_930711	1	no rank	root	7	7	7	1.000	unknown;unknown;unknown	-_root
k141_632903	1	no rank	root	8	7	7	1.000	unknown;unknown;unknown	-_root
k141_21105	693988	species	Bilophila sp. 4_1_30	3	2	1	0.500	unknown;Proteobacteria;Desulfovibrionaceae	-_cellular organisms;d_Bacteria;p_Proteobacteria;-_delta/epsilon subdivisions;c_Deltaproteobacteria;o_Desulfovibrionales;f_Desulfovibrionaceae;g_Bilophila;-_unclassified Bilophila;s_Bilophila sp. 4_1_30
k141_634374	213115	order	Desulfovibrionales	1	1	1	1.000	unknown;Proteobacteria;uc_Desulfovibrionales	-_cellular organisms;d_Bacteria;p_Proteobacteria;-_delta/epsilon subdivisions;c_Deltaproteobacteria;o_Desulfovibrionales
k141_662468	0	no rank	unclassified	1	0	0	0.000		
k141_123591	194924	family	Desulfovibrionaceae	7	6	3	0.500	unknown;Proteobacteria;Desulfovibrionaceae	-_cellular organisms;d_Bacteria;p_Proteobacteria;-_delta/epsilon subdivisions;c_Deltaproteobacteria;o_Desulfovibrionales;f_Desulfovibrionaceae
k141_123671	2	superkingdom	Bacteria	4	4	2	0.500	uc_Bacteria;uc_Bacteria;uc_Bacteria	-_cellular organisms;d_Bacteria
k141_1179334	2	superkingdom	Bacteria	5	5	3	0.650	uc_Bacteria;uc_Bacteria;uc_Bacteria	-_cellular organisms;d_Bacteria
k141_885423	2	superkingdom	Bacteria	6	6	4	0.600	uc_Bacteria;uc_Bacteria;uc_Bacteria	-_cellular organisms;d_Bacteria
k141_277200	1	no rank	root	5	5	5	1.000	unknown;unknown;unknown	-_root
k141_1180450	1	no rank	root	4	4	4	1.000	unknown;unknown;unknown	-_root
k141_1180455	1	no rank	root	12	11	11	1.000	unknown;unknown;unknown	-_root
k141_278563	1903261	species	Mailhella massiliensis	2	2	1	0.500	unknown;Proteobacteria;Desulfovibrionaceae	-_cellular organisms;d_Bacteria;p_Proteobacteria;-_delta/epsilon subdivisions;c_Deltaproteobacteria;o_Desulfovibrionales;f_Desulfovibrionaceae;g_Mailhella;s_Mailhella massiliensis
k141_1182098	1	no rank	root	13	12	12	1.000	unknown;unknown;unknown	-_root
k141_127080	2	superkingdom	Bacteria	3	3	2	0.670	uc_Bacteria;uc_Bacteria;uc_Bacteria	-_cellular organisms;d_Bacteria
k141_150061	2	superkingdom	Bacteria	1	1	1	1.000	uc_Bacteria;uc_Bacteria;uc_Bacteria	-_cellular organisms;d_Bacteria
k141_1207625	194924	family	Desulfovibrionaceae	5	5	3	0.660	unknown;Proteobacteria;Desulfovibrionaceae	-_cellular organisms;d_Bacteria;p_Proteobacteria;-_delta/epsilon subdivisions;c_Deltaproteobacteria;o_Desulfovibrionales;f_Desulfovibrionaceae
k141_813060	44742	species	Desulfovibrio fairfieldensis	5	5	3	0.510	unknown;Proteobacteria;Desulfovibrionaceae	-_cellular organisms;d_Bacteria;p_Proteobacteria;-_delta/epsilon subdivisions;c_Deltaproteobacteria;o_Desulfovibrionales;f_Desulfovibrionaceae;g_Desulfovibrio;s_Desulfovibrio fairfieldensis
k141_199723	1	no rank	root	8	5	5	1.000	unknown;unknown;unknown	-_root
k141_199804	194924	family	Desulfovibrionaceae	5	4	2	0.500	unknown;Proteobacteria;Desulfovibrionaceae	-_cellular organisms;d_Bacteria;p_Proteobacteria;-_delta/epsilon subdivisions;c_Deltaproteobacteria;o_Desulfovibrionales;f_Desulfovibrionaceae
k141_364687	1	no rank	root	10	10	10	1.000	unknown;unknown;unknown	-_root
k141_53676	2	superkingdom	Bacteria	7	6	4	0.610	uc_Bacteria;uc_Bacteria;uc_Bacteria	-_cellular organisms;d_Bacteria
k141_971576	1	no rank	root	4	4	4	1.000	unknown;unknown;unknown	-_root
k141_519673	2	superkingdom	Bacteria	4	4	4	1.000	uc_Bacteria;uc_Bacteria;uc_Bacteria	-_cellular organisms;d_Bacteria
k141_814295	1	no rank	root	4	4	4	1.000	unknown;unknown;unknown	-_root
k141_972137	1	no rank	root	4	4	4	1.000	unknown;unknown;unknown	-_root
k141_520547	1	no rank	root	6	5	5	1.000	unknown;unknown;unknown	-_root
k141_609008	1	no rank	root	8	8	8	1.000	unknown;unknown;unknown	-_root
k141_609013	194924	family	Desulfovibrionaceae	3	3	2	0.670	unknown;Proteobacteria;Desulfovibrionaceae	-_cellular organisms;d_Bacteria;p_Proteobacteria;-_delta/epsilon subdivisions;c_Deltaproteobacteria;o_Desulfovibrionales;f_Desulfovibrionaceae
k141_1062551	2	superkingdom	Bacteria	7	6	3	0.500	uc_Bacteria;uc_Bacteria;uc_Bacteria	-_cellular organisms;d_Bacteria
k141_1062711	1	no rank	root	6	6	6	1.000	unknown;unknown;unknown	-_root
k141_3221	1	no rank	root	3	3	3	1.000	unknown;unknown;unknown	-_root
k141_306104	2	superkingdom	Bacteria	6	6	4	0.610	uc_Bacteria;uc_Bacteria;uc_Bacteria	-_cellular organisms;d_Bacteria
k141_912707	1	no rank	root	3	3	3	1.000	unknown;unknown;unknown	-_root
k141_458993	28221	class	Deltaproteobacteria	3	2	1	0.980	unknown;Proteobacteria;uc_Deltaproteobacteria	-_cellular organisms;d_Bacteria;p_Proteobacteria;-_delta/epsilon subdivisions;c_Deltaproteobacteria
k141_611106	1	no rank	root	7	7	7	1.000	unknown;unknown;unknown	-_root
k141_611528	1	no rank	root	5	5	5	1.000	unknown;unknown;unknown	-_root
k141_936871	1	no rank	root	7	7	7	1.000	unknown;unknown;unknown	-_root
k141_332973	2	superkingdom	Bacteria	7	6	4	0.610	uc_Bacteria;uc_Bacteria;uc_Bacteria	-_cellular organisms;d_Bacteria
k141_176439	1	no rank	root	6	5	5	1.000	unknown;unknown;unknown	-_root
k141_333520	1	no rank	root	8	7	7	1.000	unknown;unknown;unknown	-_root
k141_488653	194924	family	Desulfovibrionaceae	9	8	4	0.660	unknown;Proteobacteria;Desulfovibrionaceae	-_cellular organisms;d_Bacteria;p_Proteobacteria;-_delta/epsilon subdivisions;c_Deltaproteobacteria;o_Desulfovibrionales;f_Desulfovibrionaceae
k141_787296	1	no rank	root	9	8	8	1.000	unknown;unknown;unknown	-_root
k141_28838	872	genus	Desulfovibrio	7	7	4	0.510	unknown;Proteobacteria;Desulfovibrionaceae	-_cellular organisms;d_Bacteria;p_Proteobacteria;-_delta/epsilon subdivisions;c_Deltaproteobacteria;o_Desulfovibrionales;f_Desulfovibrionaceae;g_Desulfovibrio
k141_940696	28211	class	Alphaproteobacteria	3	2	1	0.500	unknown;Proteobacteria;uc_Alphaproteobacteria	-_cellular organisms;d_Bacteria;p_Proteobacteria;c_Alphaproteobacteria
k141_490044	1224	phylum	Proteobacteria	3	3	2	0.670	unknown;Proteobacteria;uc_Proteobacteria	-_cellular organisms;d_Bacteria;p_Proteobacteria
k141_1090768	1	no rank	root	1	1	1	1.000	unknown;unknown;unknown	-_root
k141_347367	1	no rank	root	4	3	3	1.000	unknown;unknown;unknown	-_root
k141_657406	2	superkingdom	Bacteria	19	15	9	0.610	uc_Bacteria;uc_Bacteria;uc_Bacteria	-_cellular organisms;d_Bacteria
k141_952365	1	no rank	root	3	3	3	1.000	unknown;unknown;unknown	-_root
k141_952375	1	no rank	root	3	2	2	1.000	unknown;unknown;unknown	-_root
k141_799289	1	no rank	root	3	3	3	1.000	unknown;unknown;unknown	-_root
k141_657851	1	no rank	root	2	2	2	1.000	unknown;unknown;unknown	-_root
k141_952915	2	superkingdom	Bacteria	4	4	3	0.680	uc_Bacteria;uc_Bacteria;uc_Bacteria	-_cellular organisms;d_Bacteria
k141_502721	1	no rank	root	8	8	8	1.000	unknown;unknown;unknown	-_root
k141_40217	80864	family	Comamonadaceae	1	1	1	1.000	unknown;Proteobacteria;Comamonadaceae	-_cellular organisms;d_Bacteria;p_Proteobacteria;c_Betaproteobacteria;o_Burkholderiales;f_Comamonadaceae
k141_659234	1	no rank	root	5	5	5	1.000	unknown;unknown;unknown	-_root
k141_483683	2	superkingdom	Bacteria	6	5	3	0.650	uc_Bacteria;uc_Bacteria;uc_Bacteria	-_cellular organisms;d_Bacteria
k141_1084970	1	no rank	root	4	4	4	1.000	unknown;unknown;unknown	-_root
k141_784350	1	no rank	root	34	29	29	1.000	unknown;unknown;unknown	-_root
k141_1085937	194924	family	Desulfovibrionaceae	2	2	1	0.960	unknown;Proteobacteria;Desulfovibrionaceae	-_cellular organisms;d_Bacteria;p_Proteobacteria;-_delta/epsilon subdivisions;c_Deltaproteobacteria;o_Desulfovibrionales;f_Desulfovibrionaceae
k141_638613	28221	class	Deltaproteobacteria	9	9	5	0.560	unknown;Proteobacteria;uc_Deltaproteobacteria	-_cellular organisms;d_Bacteria;p_Proteobacteria;-_delta/epsilon subdivisions;c_Deltaproteobacteria
k141_935709	0	no rank	unclassified	1	0	0	0.000		
k141_1086007	1	no rank	root	11	10	10	1.000	unknown;unknown;unknown	-_root
k141_784800	1903261	species	Mailhella massiliensis	2	2	1	0.500	unknown;Proteobacteria;Desulfovibrionaceae	-_cellular organisms;d_Bacteria;p_Proteobacteria;-_delta/epsilon subdivisions;c_Deltaproteobacteria;o_Desulfovibrionales;f_Desulfovibrionaceae;g_Mailhella;s_Mailhella massiliensis
k141_25239	2	superkingdom	Bacteria	3	2	2	1.000	uc_Bacteria;uc_Bacteria;uc_Bacteria	-_cellular organisms;d_Bacteria
k141_25656	2	superkingdom	Bacteria	3	3	2	0.960	uc_Bacteria;uc_Bacteria;uc_Bacteria	-_cellular organisms;d_Bacteria
k141_896562	1	no rank	root	3	2	2	1.000	unknown;unknown;unknown	-_root
k141_1191120	194924	family	Desulfovibrionaceae	5	4	3	0.680	unknown;Proteobacteria;Desulfovibrionaceae	-_cellular organisms;d_Bacteria;p_Proteobacteria;-_delta/epsilon subdivisions;c_Deltaproteobacteria;o_Desulfovibrionales;f_Desulfovibrionaceae
k141_136340	1	no rank	root	3	3	3	1.000	unknown;unknown;unknown	-_root
k141_136449	1224	phylum	Proteobacteria	9	8	4	0.560	unknown;Proteobacteria;uc_Proteobacteria	-_cellular organisms;d_Bacteria;p_Proteobacteria
k141_137334	1	no rank	root	3	3	3	1.000	unknown;unknown;unknown	-_root
k141_900654	194924	family	Desulfovibrionaceae	4	4	2	0.640	unknown;Proteobacteria;Desulfovibrionaceae	-_cellular organisms;d_Bacteria;p_Proteobacteria;-_delta/epsilon subdivisions;c_Deltaproteobacteria;o_Desulfovibrionales;f_Desulfovibrionaceae
k141_1195052	1	no rank	root	6	5	5	1.000	unknown;unknown;unknown	-_root
k141_292689	194924	family	Desulfovibrionaceae	10	9	5	0.560	unknown;Proteobacteria;Desulfovibrionaceae	-_cellular organisms;d_Bacteria;p_Proteobacteria;-_delta/epsilon subdivisions;c_Deltaproteobacteria;o_Desulfovibrionales;f_Desulfovibrionaceae
k141_292848	194924	family	Desulfovibrionaceae	4	4	4	1.000	unknown;Proteobacteria;Desulfovibrionaceae	-_cellular organisms;d_Bacteria;p_Proteobacteria;-_delta/epsilon subdivisions;c_Deltaproteobacteria;o_Desulfovibrionales;f_Desulfovibrionaceae
k141_293054	1	no rank	root	4	3	3	1.000	unknown;unknown;unknown	-_root
k141_221516	194924	family	Desulfovibrionaceae	3	3	2	0.510	unknown;Proteobacteria;Desulfovibrionaceae	-_cellular organisms;d_Bacteria;p_Proteobacteria;-_delta/epsilon subdivisions;c_Deltaproteobacteria;o_Desulfovibrionales;f_Desulfovibrionaceae
k141_394994	194924	family	Desulfovibrionaceae	2	2	2	1.000	unknown;Proteobacteria;Desulfovibrionaceae	-_cellular organisms;d_Bacteria;p_Proteobacteria;-_delta/epsilon subdivisions;c_Deltaproteobacteria;o_Desulfovibrionales;f_Desulfovibrionaceae
k141_838440	1	no rank	root	4	4	4	1.000	unknown;unknown;unknown	-_root
k141_222071	1	no rank	root	4	4	4	1.000	unknown;unknown;unknown	-_root
k141_553930	194924	family	Desulfovibrionaceae	3	2	1	0.500	unknown;Proteobacteria;Desulfovibrionaceae	-_cellular organisms;d_Bacteria;p_Proteobacteria;-_delta/epsilon subdivisions;c_Deltaproteobacteria;o_Desulfovibrionales;f_Desulfovibrionaceae
k141_1008067	194924	family	Desulfovibrionaceae	3	2	1	0.960	unknown;Proteobacteria;Desulfovibrionaceae	-_cellular organisms;d_Bacteria;p_Proteobacteria;-_delta/epsilon subdivisions;c_Deltaproteobacteria;o_Desulfovibrionales;f_Desulfovibrionaceae
k141_398097	1	no rank	root	3	3	3	1.000	unknown;unknown;unknown	-_root
k141_224199	1	no rank	root	6	6	6	1.000	unknown;unknown;unknown	-_root
k141_1139178	1	no rank	root	8	7	7	1.000	unknown;unknown;unknown	-_root
k141_399509	1	no rank	root	5	5	5	1.000	unknown;unknown;unknown	-_root
k141_232528	1	no rank	root	1	1	1	1.000	unknown;unknown;unknown	-_root
k141_88021	194924	family	Desulfovibrionaceae	4	4	3	0.750	unknown;Proteobacteria;Desulfovibrionaceae	-_cellular organisms;d_Bacteria;p_Proteobacteria;-_delta/epsilon subdivisions;c_Deltaproteobacteria;o_Desulfovibrionales;f_Desulfovibrionaceae
k141_409160	2	superkingdom	Bacteria	4	4	2	0.500	uc_Bacteria;uc_Bacteria;uc_Bacteria	-_cellular organisms;d_Bacteria
k141_88324	1	no rank	root	5	4	4	1.000	unknown;unknown;unknown	-_root
k141_566889	1	no rank	root	3	3	3	1.000	unknown;unknown;unknown	-_root
k141_849067	2	superkingdom	Bacteria	3	3	2	0.520	uc_Bacteria;uc_Bacteria;uc_Bacteria	-_cellular organisms;d_Bacteria
k141_732413	1224	phylum	Proteobacteria	7	6	4	0.510	unknown;Proteobacteria;uc_Proteobacteria	-_cellular organisms;d_Bacteria;p_Proteobacteria
k141_567675	1	no rank	root	4	3	3	1.000	unknown;unknown;unknown	-_root
k141_1023849	2	superkingdom	Bacteria	7	6	3	0.500	uc_Bacteria;uc_Bacteria;uc_Bacteria	-_cellular organisms;d_Bacteria
k141_568461	1	no rank	root	3	3	3	1.000	unknown;unknown;unknown	-_root
k141_142993	34034	species	uncultured delta proteobacterium	1	1	1	1.000	unknown;Proteobacteria;unknown	-_cellular organisms;d_Bacteria;p_Proteobacteria;-_delta/epsilon subdivisions;c_Deltaproteobacteria;-_environmental samples;s_uncultured delta proteobacterium
k141_143093	1224	phylum	Proteobacteria	2	2	1	0.500	unknown;Proteobacteria;uc_Proteobacteria	-_cellular organisms;d_Bacteria;p_Proteobacteria
k141_143861	1	no rank	root	8	7	7	1.000	unknown;unknown;unknown	-_root
k141_298096	2	superkingdom	Bacteria	18	14	9	0.660	uc_Bacteria;uc_Bacteria;uc_Bacteria	-_cellular organisms;d_Bacteria
k141_1201158	2	superkingdom	Bacteria	9	8	4	0.500	uc_Bacteria;uc_Bacteria;uc_Bacteria	-_cellular organisms;d_Bacteria
k141_1202087	1	no rank	root	6	6	6	1.000	unknown;unknown;unknown	-_root
k141_299621	194924	family	Desulfovibrionaceae	6	6	6	1.000	unknown;Proteobacteria;Desulfovibrionaceae	-_cellular organisms;d_Bacteria;p_Proteobacteria;-_delta/epsilon subdivisions;c_Deltaproteobacteria;o_Desulfovibrionales;f_Desulfovibrionaceae
k141_1202222	1	no rank	root	4	4	4	1.000	unknown;unknown;unknown	-_root
k141_301850	1	no rank	root	6	3	3	1.000	unknown;unknown;unknown	-_root
k141_301916	1	no rank	root	9	8	8	1.000	unknown;unknown;unknown	-_root
k141_181990	2	superkingdom	Bacteria	8	7	4	0.570	uc_Bacteria;uc_Bacteria;uc_Bacteria	-_cellular organisms;d_Bacteria
k141_340854	1	no rank	root	7	6	6	1.000	unknown;unknown;unknown	-_root
k141_650051	194924	family	Desulfovibrionaceae	4	3	2	0.670	unknown;Proteobacteria;Desulfovibrionaceae	-_cellular organisms;d_Bacteria;p_Proteobacteria;-_delta/epsilon subdivisions;c_Deltaproteobacteria;o_Desulfovibrionales;f_Desulfovibrionaceae
k141_651167	901	species	Desulfovibrio piger	3	2	1	0.500	unknown;Proteobacteria;Desulfovibrionaceae	-_cellular organisms;d_Bacteria;p_Proteobacteria;-_delta/epsilon subdivisions;c_Deltaproteobacteria;o_Desulfovibrionales;f_Desulfovibrionaceae;g_Desulfovibrio;s_Desulfovibrio piger
k141_496462	2	superkingdom	Bacteria	6	6	3	0.500	uc_Bacteria;uc_Bacteria;uc_Bacteria	-_cellular organisms;d_Bacteria
k141_947434	1	no rank	root	4	4	4	1.000	unknown;unknown;unknown	-_root
k141_795379	1	no rank	root	5	5	5	1.000	unknown;unknown;unknown	-_root
k141_795626	1	no rank	root	7	7	7	1.000	unknown;unknown;unknown	-_root
k141_498090	872	genus	Desulfovibrio	5	4	2	0.500	unknown;Proteobacteria;Desulfovibrionaceae	-_cellular organisms;d_Bacteria;p_Proteobacteria;-_delta/epsilon subdivisions;c_Deltaproteobacteria;o_Desulfovibrionales;f_Desulfovibrionaceae;g_Desulfovibrio
k141_343902	2	superkingdom	Bacteria	1	1	1	1.000	uc_Bacteria;uc_Bacteria;uc_Bacteria	-_cellular organisms;d_Bacteria
k141_671488	194924	family	Desulfovibrionaceae	7	7	4	0.570	unknown;Proteobacteria;Desulfovibrionaceae	-_cellular organisms;d_Bacteria;p_Proteobacteria;-_delta/epsilon subdivisions;c_Deltaproteobacteria;o_Desulfovibrionales;f_Desulfovibrionaceae
k141_965878	1	no rank	root	6	6	6	1.000	unknown;unknown;unknown	-_root
k141_966235	1	no rank	root	3	3	3	1.000	unknown;unknown;unknown	-_root
k141_672288	28221	class	Deltaproteobacteria	7	5	4	0.750	unknown;Proteobacteria;uc_Deltaproteobacteria	-_cellular organisms;d_Bacteria;p_Proteobacteria;-_delta/epsilon subdivisions;c_Deltaproteobacteria
k141_49521	1	no rank	root	6	4	4	1.000	unknown;unknown;unknown	-_root
k141_967035	1	no rank	root	3	2	2	1.000	unknown;unknown;unknown	-_root
k141_515710	194924	family	Desulfovibrionaceae	7	7	4	0.570	unknown;Proteobacteria;Desulfovibrionaceae	-_cellular organisms;d_Bacteria;p_Proteobacteria;-_delta/epsilon subdivisions;c_Deltaproteobacteria;o_Desulfovibrionales;f_Desulfovibrionaceae
k141_967340	28221	class	Deltaproteobacteria	7	7	4	0.660	unknown;Proteobacteria;uc_Deltaproteobacteria	-_cellular organisms;d_Bacteria;p_Proteobacteria;-_delta/epsilon subdivisions;c_Deltaproteobacteria
k141_197472	194924	family	Desulfovibrionaceae	3	3	2	0.670	unknown;Proteobacteria;Desulfovibrionaceae	-_cellular organisms;d_Bacteria;p_Proteobacteria;-_delta/epsilon subdivisions;c_Deltaproteobacteria;o_Desulfovibrionales;f_Desulfovibrionaceae
k141_197473	194924	family	Desulfovibrionaceae	3	3	2	0.670	unknown;Proteobacteria;Desulfovibrionaceae	-_cellular organisms;d_Bacteria;p_Proteobacteria;-_delta/epsilon subdivisions;c_Deltaproteobacteria;o_Desulfovibrionales;f_Desulfovibrionaceae
k141_733805	1224	phylum	Proteobacteria	3	2	1	0.500	unknown;Proteobacteria;uc_Proteobacteria	-_cellular organisms;d_Bacteria;p_Proteobacteria
k141_568649	1	no rank	root	7	6	6	1.000	unknown;unknown;unknown	-_root
k141_569398	2	superkingdom	Bacteria	7	6	3	0.500	uc_Bacteria;uc_Bacteria;uc_Bacteria	-_cellular organisms;d_Bacteria
k141_570378	1	no rank	root	6	5	5	1.000	unknown;unknown;unknown	-_root
k141_1027802	1	no rank	root	8	7	7	1.000	unknown;unknown;unknown	-_root
k141_851672	1224	phylum	Proteobacteria	9	8	4	0.500	unknown;Proteobacteria;uc_Proteobacteria	-_cellular organisms;d_Bacteria;p_Proteobacteria
k141_852404	2	superkingdom	Bacteria	5	5	4	0.680	uc_Bacteria;uc_Bacteria;uc_Bacteria	-_cellular organisms;d_Bacteria
k141_738397	1	no rank	root	4	4	4	1.000	unknown;unknown;unknown	-_root
k141_415402	2	superkingdom	Bacteria	4	3	2	0.520	uc_Bacteria;uc_Bacteria;uc_Bacteria	-_cellular organisms;d_Bacteria
k141_240681	2491045	species	Desulfovibrio sp. OH1186_COT-070	2	2	1	0.500	unknown;Proteobacteria;Desulfovibrionaceae	-_cellular organisms;d_Bacteria;p_Proteobacteria;-_delta/epsilon subdivisions;c_Deltaproteobacteria;o_Desulfovibrionales;f_Desulfovibrionaceae;g_Desulfovibrio;-_unclassified Desulfovibrio;s_Desulfovibrio sp. OH1186_COT-070
k141_762781	2	superkingdom	Bacteria	12	11	6	0.510	uc_Bacteria;uc_Bacteria;uc_Bacteria	-_cellular organisms;d_Bacteria
k141_309035	1	no rank	root	4	3	3	1.000	unknown;unknown;unknown	-_root
k141_309036	1	no rank	root	1	1	1	1.000	unknown;unknown;unknown	-_root
k141_763553	2	superkingdom	Bacteria	3	3	2	0.920	uc_Bacteria;uc_Bacteria;uc_Bacteria	-_cellular organisms;d_Bacteria
k141_461169	1	no rank	root	5	5	5	1.000	unknown;unknown;unknown	-_root
k141_309464	411464	strain	Desulfovibrio piger ATCC 29098	2	1	1	1.000	unknown;Proteobacteria;Desulfovibrionaceae	-_cellular organisms;d_Bacteria;p_Proteobacteria;-_delta/epsilon subdivisions;c_Deltaproteobacteria;o_Desulfovibrionales;f_Desulfovibrionaceae;g_Desulfovibrio;s_Desulfovibrio piger;-_Desulfovibrio piger ATCC 29098
k141_6649	2	superkingdom	Bacteria	5	4	2	0.500	uc_Bacteria;uc_Bacteria;uc_Bacteria	-_cellular organisms;d_Bacteria
k141_1066527	1	no rank	root	18	16	16	1.000	unknown;unknown;unknown	-_root
k141_1066668	1	no rank	root	2	2	2	1.000	unknown;unknown;unknown	-_root
k141_915297	872	genus	Desulfovibrio	5	4	2	0.660	unknown;Proteobacteria;Desulfovibrionaceae	-_cellular organisms;d_Bacteria;p_Proteobacteria;-_delta/epsilon subdivisions;c_Deltaproteobacteria;o_Desulfovibrionales;f_Desulfovibrionaceae;g_Desulfovibrio
k141_243636	1	no rank	root	5	5	5	1.000	unknown;unknown;unknown	-_root
k141_745663	1	no rank	root	4	4	4	1.000	unknown;unknown;unknown	-_root
k141_856759	0	no rank	unclassified	1	0	0	0.000		
k141_1152774	1	no rank	root	3	1	1	1.000	unknown;unknown;unknown	-_root
k141_245921	2	superkingdom	Bacteria	3	3	2	0.670	uc_Bacteria;uc_Bacteria;uc_Bacteria	-_cellular organisms;d_Bacteria
k141_1037037	1	no rank	root	17	17	17	1.000	unknown;unknown;unknown	-_root
k141_747099	1	no rank	root	3	3	3	1.000	unknown;unknown;unknown	-_root
k141_747494	1	no rank	root	3	3	3	1.000	unknown;unknown;unknown	-_root
k141_1037922	1224	phylum	Proteobacteria	5	4	3	0.670	unknown;Proteobacteria;uc_Proteobacteria	-_cellular organisms;d_Bacteria;p_Proteobacteria
k141_748100	1	no rank	root	14	13	13	1.000	unknown;unknown;unknown	-_root
