k141_1106025	0	no rank	unclassified	2	0	0	0.000		
k141_1106182	1	no rank	root	3	3	3	1.000	unknown;unknown;unknown	-_root
k141_767216	1224	phylum	Proteobacteria	10	10	6	0.600	unknown;Proteobacteria;uc_Proteobacteria	-_cellular organisms;d_Bacteria;p_Proteobacteria
k141_1106783	1	no rank	root	4	4	4	1.000	unknown;unknown;unknown	-_root
k141_1446995	397457	species	Gulbenkiania mobilis	3	3	2	0.520	unknown;Proteobacteria;Chromobacteriaceae	-_cellular organisms;d_Bacteria;p_Proteobacteria;c_Betaproteobacteria;o_Neisseriales;f_Chromobacteriaceae;g_Gulbenkiania;s_Gulbenkiania mobilis
k141_2456267	1	no rank	root	5	5	5	1.000	unknown;unknown;unknown	-_root
k141_429010	1224	phylum	Proteobacteria	6	6	4	0.670	unknown;Proteobacteria;uc_Proteobacteria	-_cellular organisms;d_Bacteria;p_Proteobacteria
k141_1781899	1224	phylum	Proteobacteria	3	3	2	0.670	unknown;Proteobacteria;uc_Proteobacteria	-_cellular organisms;d_Bacteria;p_Proteobacteria
k141_2458642	1224	phylum	Proteobacteria	3	3	2	0.520	unknown;Proteobacteria;uc_Proteobacteria	-_cellular organisms;d_Bacteria;p_Proteobacteria
k141_1783046	1	no rank	root	2	1	1	1.000	unknown;unknown;unknown	-_root
k141_2140847	1224	phylum	Proteobacteria	2	2	1	0.500	unknown;Proteobacteria;uc_Proteobacteria	-_cellular organisms;d_Bacteria;p_Proteobacteria
k141_449282	1	no rank	root	3	3	3	1.000	unknown;unknown;unknown	-_root
k141_1468164	1	no rank	root	9	8	8	1.000	unknown;unknown;unknown	-_root
k141_449585	2079197	species	Telmatospirillum sp.	2	2	1	0.500	unknown;Proteobacteria;Rhodospirillaceae	-_cellular organisms;d_Bacteria;p_Proteobacteria;c_Alphaproteobacteria;o_Rhodospirillales;f_Rhodospirillaceae;g_Telmatospirillum;-_unclassified Telmatospirillum;s_Telmatospirillum sp.
k141_2476582	1	no rank	root	12	8	8	1.000	unknown;unknown;unknown	-_root
k141_2476767	1224	phylum	Proteobacteria	4	4	4	1.000	unknown;Proteobacteria;uc_Proteobacteria	-_cellular organisms;d_Bacteria;p_Proteobacteria
k141_789680	2	superkingdom	Bacteria	2	2	1	0.500	uc_Bacteria;uc_Bacteria;uc_Bacteria	-_cellular organisms;d_Bacteria
k141_114397	2	superkingdom	Bacteria	6	6	4	0.520	uc_Bacteria;uc_Bacteria;uc_Bacteria	-_cellular organisms;d_Bacteria
k141_1801082	1	no rank	root	5	5	5	1.000	unknown;unknown;unknown	-_root
k141_1801560	1224	phylum	Proteobacteria	1	1	1	1.000	unknown;Proteobacteria;uc_Proteobacteria	-_cellular organisms;d_Bacteria;p_Proteobacteria
k141_2342581	1224	phylum	Proteobacteria	8	7	3	0.640	unknown;Proteobacteria;uc_Proteobacteria	-_cellular organisms;d_Bacteria;p_Proteobacteria
k141_1996739	1224	phylum	Proteobacteria	4	4	3	0.750	unknown;Proteobacteria;uc_Proteobacteria	-_cellular organisms;d_Bacteria;p_Proteobacteria
k141_2344927	1224	phylum	Proteobacteria	5	3	2	0.670	unknown;Proteobacteria;uc_Proteobacteria	-_cellular organisms;d_Bacteria;p_Proteobacteria
k141_1673766	1	no rank	root	4	3	3	1.000	unknown;unknown;unknown	-_root
k141_1674366	1	no rank	root	12	12	12	1.000	unknown;unknown;unknown	-_root
k141_1337494	1	no rank	root	3	3	3	1.000	unknown;unknown;unknown	-_root
k141_2346769	1224	phylum	Proteobacteria	4	4	3	0.750	unknown;Proteobacteria;uc_Proteobacteria	-_cellular organisms;d_Bacteria;p_Proteobacteria
k141_2675358	2	superkingdom	Bacteria	2	2	1	0.500	uc_Bacteria;uc_Bacteria;uc_Bacteria	-_cellular organisms;d_Bacteria
k141_997244	1	no rank	root	6	6	6	1.000	unknown;unknown;unknown	-_root
k141_2347992	1224	phylum	Proteobacteria	3	3	2	0.670	unknown;Proteobacteria;uc_Proteobacteria	-_cellular organisms;d_Bacteria;p_Proteobacteria
k141_290145	1224	phylum	Proteobacteria	14	14	9	0.620	unknown;Proteobacteria;uc_Proteobacteria	-_cellular organisms;d_Bacteria;p_Proteobacteria
k141_290612	194924	family	Desulfovibrionaceae	1	1	1	1.000	unknown;Proteobacteria;Desulfovibrionaceae	-_cellular organisms;d_Bacteria;p_Proteobacteria;-_delta/epsilon subdivisions;c_Deltaproteobacteria;o_Desulfovibrionales;f_Desulfovibrionaceae
k141_1650269	1224	phylum	Proteobacteria	3	2	2	1.000	unknown;Proteobacteria;uc_Proteobacteria	-_cellular organisms;d_Bacteria;p_Proteobacteria
k141_290870	2	superkingdom	Bacteria	6	5	3	0.510	uc_Bacteria;uc_Bacteria;uc_Bacteria	-_cellular organisms;d_Bacteria
k141_973129	1224	phylum	Proteobacteria	8	7	5	0.670	unknown;Proteobacteria;uc_Proteobacteria	-_cellular organisms;d_Bacteria;p_Proteobacteria
k141_632574	1	no rank	root	6	6	6	1.000	unknown;unknown;unknown	-_root
k141_632643	1	no rank	root	4	4	4	1.000	unknown;unknown;unknown	-_root
k141_1976890	1224	phylum	Proteobacteria	5	5	3	0.750	unknown;Proteobacteria;uc_Proteobacteria	-_cellular organisms;d_Bacteria;p_Proteobacteria
k141_974445	1	no rank	root	11	11	11	1.000	unknown;unknown;unknown	-_root
k141_974542	1224	phylum	Proteobacteria	2	2	1	0.500	unknown;Proteobacteria;uc_Proteobacteria	-_cellular organisms;d_Bacteria;p_Proteobacteria
k141_532347	1499392	family	Chromobacteriaceae	2	2	1	0.500	unknown;Proteobacteria;Chromobacteriaceae	-_cellular organisms;d_Bacteria;p_Proteobacteria;c_Betaproteobacteria;o_Neisseriales;f_Chromobacteriaceae
k141_532607	131567	no rank	cellular organisms	3	3	3	1.000	unknown;unknown;unknown	-_cellular organisms
k141_2224309	1224	phylum	Proteobacteria	5	4	3	0.750	unknown;Proteobacteria;uc_Proteobacteria	-_cellular organisms;d_Bacteria;p_Proteobacteria
k141_195927	1224	phylum	Proteobacteria	4	4	3	0.750	unknown;Proteobacteria;uc_Proteobacteria	-_cellular organisms;d_Bacteria;p_Proteobacteria
k141_196274	1	no rank	root	4	3	3	1.000	unknown;unknown;unknown	-_root
k141_2559081	1224	phylum	Proteobacteria	2	1	1	1.000	unknown;Proteobacteria;uc_Proteobacteria	-_cellular organisms;d_Bacteria;p_Proteobacteria
k141_1557040	1224	phylum	Proteobacteria	4	4	3	0.750	unknown;Proteobacteria;uc_Proteobacteria	-_cellular organisms;d_Bacteria;p_Proteobacteria
k141_539034	1224	phylum	Proteobacteria	1	1	1	1.000	unknown;Proteobacteria;uc_Proteobacteria	-_cellular organisms;d_Bacteria;p_Proteobacteria
k141_1219392	2490538	species	Rhodobacteraceae bacterium CH30	7	7	4	0.570	unknown;Proteobacteria;Rhodobacteraceae	-_cellular organisms;d_Bacteria;p_Proteobacteria;c_Alphaproteobacteria;o_Rhodobacterales;f_Rhodobacteraceae;-_unclassified Rhodobacteraceae;s_Rhodobacteraceae bacterium CH30
k141_1220139	28216	class	Betaproteobacteria	7	7	4	0.510	unknown;Proteobacteria;uc_Betaproteobacteria	-_cellular organisms;d_Bacteria;p_Proteobacteria;c_Betaproteobacteria
k141_2685288	1	no rank	root	2	2	2	1.000	unknown;unknown;unknown	-_root
k141_2685798	1	no rank	root	8	8	8	1.000	unknown;unknown;unknown	-_root
k141_668842	1	no rank	root	21	18	18	1.000	unknown;unknown;unknown	-_root
k141_327525	1224	phylum	Proteobacteria	6	5	3	0.600	unknown;Proteobacteria;uc_Proteobacteria	-_cellular organisms;d_Bacteria;p_Proteobacteria
k141_2359891	28216	class	Betaproteobacteria	6	6	5	1.000	unknown;Proteobacteria;uc_Betaproteobacteria	-_cellular organisms;d_Bacteria;p_Proteobacteria;c_Betaproteobacteria
k141_328290	2	superkingdom	Bacteria	3	3	2	0.670	uc_Bacteria;uc_Bacteria;uc_Bacteria	-_cellular organisms;d_Bacteria
k141_2690700	1224	phylum	Proteobacteria	15	14	10	0.670	unknown;Proteobacteria;uc_Proteobacteria	-_cellular organisms;d_Bacteria;p_Proteobacteria
k141_2690783	1224	phylum	Proteobacteria	5	4	2	0.500	unknown;Proteobacteria;uc_Proteobacteria	-_cellular organisms;d_Bacteria;p_Proteobacteria
k141_2693846	1224	phylum	Proteobacteria	3	2	1	0.500	unknown;Proteobacteria;uc_Proteobacteria	-_cellular organisms;d_Bacteria;p_Proteobacteria
k141_2020502	1	no rank	root	4	3	3	1.000	unknown;unknown;unknown	-_root
k141_477234	1224	phylum	Proteobacteria	5	5	4	0.750	unknown;Proteobacteria;uc_Proteobacteria	-_cellular organisms;d_Bacteria;p_Proteobacteria
k141_1156813	2	superkingdom	Bacteria	6	6	5	0.800	uc_Bacteria;uc_Bacteria;uc_Bacteria	-_cellular organisms;d_Bacteria
k141_1826555	1224	phylum	Proteobacteria	8	7	4	0.600	unknown;Proteobacteria;uc_Proteobacteria	-_cellular organisms;d_Bacteria;p_Proteobacteria
k141_1826680	1	no rank	root	1	1	1	1.000	unknown;unknown;unknown	-_root
k141_141089	28216	class	Betaproteobacteria	3	3	2	0.510	unknown;Proteobacteria;uc_Betaproteobacteria	-_cellular organisms;d_Bacteria;p_Proteobacteria;c_Betaproteobacteria
k141_2170529	1224	phylum	Proteobacteria	11	10	5	0.500	unknown;Proteobacteria;uc_Proteobacteria	-_cellular organisms;d_Bacteria;p_Proteobacteria
k141_1158878	1224	phylum	Proteobacteria	6	6	4	0.800	unknown;Proteobacteria;uc_Proteobacteria	-_cellular organisms;d_Bacteria;p_Proteobacteria
k141_1501414	1499392	family	Chromobacteriaceae	2	2	1	0.500	unknown;Proteobacteria;Chromobacteriaceae	-_cellular organisms;d_Bacteria;p_Proteobacteria;c_Betaproteobacteria;o_Neisseriales;f_Chromobacteriaceae
k141_1502131	206351	order	Neisseriales	4	3	2	0.970	unknown;Proteobacteria;uc_Neisseriales	-_cellular organisms;d_Bacteria;p_Proteobacteria;c_Betaproteobacteria;o_Neisseriales
k141_145383	1224	phylum	Proteobacteria	5	5	3	0.510	unknown;Proteobacteria;uc_Proteobacteria	-_cellular organisms;d_Bacteria;p_Proteobacteria
k141_145697	1224	phylum	Proteobacteria	8	8	5	0.740	unknown;Proteobacteria;uc_Proteobacteria	-_cellular organisms;d_Bacteria;p_Proteobacteria
k141_1162382	2	superkingdom	Bacteria	2	2	2	1.000	uc_Bacteria;uc_Bacteria;uc_Bacteria	-_cellular organisms;d_Bacteria
k141_1831802	1	no rank	root	2	1	1	1.000	unknown;unknown;unknown	-_root
k141_1833443	1	no rank	root	2	2	2	1.000	unknown;unknown;unknown	-_root
k141_147814	2	superkingdom	Bacteria	11	11	5	0.610	uc_Bacteria;uc_Bacteria;uc_Bacteria	-_cellular organisms;d_Bacteria
k141_1506506	1	no rank	root	7	7	7	1.000	unknown;unknown;unknown	-_root
k141_1835136	2	superkingdom	Bacteria	2	2	2	1.000	uc_Bacteria;uc_Bacteria;uc_Bacteria	-_cellular organisms;d_Bacteria
k141_2179559	1224	phylum	Proteobacteria	5	5	3	0.600	unknown;Proteobacteria;uc_Proteobacteria	-_cellular organisms;d_Bacteria;p_Proteobacteria
k141_1836883	1224	phylum	Proteobacteria	3	3	2	0.670	unknown;Proteobacteria;uc_Proteobacteria	-_cellular organisms;d_Bacteria;p_Proteobacteria
k141_829157	206351	order	Neisseriales	3	3	2	0.510	unknown;Proteobacteria;uc_Neisseriales	-_cellular organisms;d_Bacteria;p_Proteobacteria;c_Betaproteobacteria;o_Neisseriales
k141_1475204	1224	phylum	Proteobacteria	4	4	3	0.670	unknown;Proteobacteria;uc_Proteobacteria	-_cellular organisms;d_Bacteria;p_Proteobacteria
k141_1136527	1224	phylum	Proteobacteria	4	4	2	0.500	unknown;Proteobacteria;uc_Proteobacteria	-_cellular organisms;d_Bacteria;p_Proteobacteria
k141_1477516	1654931	genus	Crenobacter	2	2	1	0.500	unknown;Proteobacteria;Neisseriaceae	-_cellular organisms;d_Bacteria;p_Proteobacteria;c_Betaproteobacteria;o_Neisseriales;f_Neisseriaceae;g_Crenobacter
k141_123786	1	no rank	root	7	7	7	1.000	unknown;unknown;unknown	-_root
k141_2153538	1	no rank	root	3	3	3	1.000	unknown;unknown;unknown	-_root
k141_2153888	1	no rank	root	9	8	8	1.000	unknown;unknown;unknown	-_root
k141_1812661	1	no rank	root	3	3	3	1.000	unknown;unknown;unknown	-_root
k141_464663	1224	phylum	Proteobacteria	1	1	1	1.000	unknown;Proteobacteria;uc_Proteobacteria	-_cellular organisms;d_Bacteria;p_Proteobacteria
k141_2492459	1	no rank	root	7	7	7	1.000	unknown;unknown;unknown	-_root
k141_466916	2268024	species	Ephemeroptericola cinctiostellae	2	2	1	0.500	unknown;Proteobacteria;Burkholderiaceae	-_cellular organisms;d_Bacteria;p_Proteobacteria;c_Betaproteobacteria;o_Burkholderiales;f_Burkholderiaceae;g_Ephemeroptericola;s_Ephemeroptericola cinctiostellae
k141_1842846	1224	phylum	Proteobacteria	5	5	3	0.600	unknown;Proteobacteria;uc_Proteobacteria	-_cellular organisms;d_Bacteria;p_Proteobacteria
k141_1515197	2	superkingdom	Bacteria	4	4	3	0.750	uc_Bacteria;uc_Bacteria;uc_Bacteria	-_cellular organisms;d_Bacteria
k141_2187421	1224	phylum	Proteobacteria	7	7	6	0.860	unknown;Proteobacteria;uc_Proteobacteria	-_cellular organisms;d_Bacteria;p_Proteobacteria
k141_1516264	1	no rank	root	7	7	7	1.000	unknown;unknown;unknown	-_root
k141_2523404	1	no rank	root	3	3	3	1.000	unknown;unknown;unknown	-_root
k141_1845545	2	superkingdom	Bacteria	2	2	1	0.500	uc_Bacteria;uc_Bacteria;uc_Bacteria	-_cellular organisms;d_Bacteria
k141_160767	1224	phylum	Proteobacteria	3	3	2	0.520	unknown;Proteobacteria;uc_Proteobacteria	-_cellular organisms;d_Bacteria;p_Proteobacteria
k141_1846467	1224	phylum	Proteobacteria	3	2	1	0.500	unknown;Proteobacteria;uc_Proteobacteria	-_cellular organisms;d_Bacteria;p_Proteobacteria
k141_1180658	2	superkingdom	Bacteria	3	3	2	0.670	uc_Bacteria;uc_Bacteria;uc_Bacteria	-_cellular organisms;d_Bacteria
k141_1520035	1	no rank	root	2	2	2	1.000	unknown;unknown;unknown	-_root
k141_235926	1	no rank	root	6	5	5	1.000	unknown;unknown;unknown	-_root
k141_1921812	1224	phylum	Proteobacteria	3	3	2	0.670	unknown;Proteobacteria;uc_Proteobacteria	-_cellular organisms;d_Bacteria;p_Proteobacteria
k141_1923539	1	no rank	root	5	5	5	1.000	unknown;unknown;unknown	-_root
k141_578610	1	no rank	root	4	3	3	1.000	unknown;unknown;unknown	-_root
k141_2270227	1224	phylum	Proteobacteria	4	3	3	1.000	unknown;Proteobacteria;uc_Proteobacteria	-_cellular organisms;d_Bacteria;p_Proteobacteria
k141_1599293	1224	phylum	Proteobacteria	7	5	4	0.800	unknown;Proteobacteria;uc_Proteobacteria	-_cellular organisms;d_Bacteria;p_Proteobacteria
k141_1262304	28216	class	Betaproteobacteria	2	2	1	0.500	unknown;Proteobacteria;uc_Betaproteobacteria	-_cellular organisms;d_Bacteria;p_Proteobacteria;c_Betaproteobacteria
k141_2272653	2	superkingdom	Bacteria	11	11	6	0.600	uc_Bacteria;uc_Bacteria;uc_Bacteria	-_cellular organisms;d_Bacteria
k141_581160	1224	phylum	Proteobacteria	6	4	2	0.500	unknown;Proteobacteria;uc_Proteobacteria	-_cellular organisms;d_Bacteria;p_Proteobacteria
k141_2273981	1	no rank	root	3	3	3	1.000	unknown;unknown;unknown	-_root
k141_155598	1224	phylum	Proteobacteria	6	6	3	0.590	unknown;Proteobacteria;uc_Proteobacteria	-_cellular organisms;d_Bacteria;p_Proteobacteria
k141_2184675	1224	phylum	Proteobacteria	3	3	3	1.000	unknown;Proteobacteria;uc_Proteobacteria	-_cellular organisms;d_Bacteria;p_Proteobacteria
k141_833125	1224	phylum	Proteobacteria	4	4	3	0.530	unknown;Proteobacteria;uc_Proteobacteria	-_cellular organisms;d_Bacteria;p_Proteobacteria
k141_1173274	1	no rank	root	10	9	9	1.000	unknown;unknown;unknown	-_root
k141_2184842	2	superkingdom	Bacteria	11	9	5	0.510	uc_Bacteria;uc_Bacteria;uc_Bacteria	-_cellular organisms;d_Bacteria
k141_156038	1	no rank	root	13	11	11	1.000	unknown;unknown;unknown	-_root
k141_2520185	1	no rank	root	4	4	4	1.000	unknown;unknown;unknown	-_root
k141_834633	1224	phylum	Proteobacteria	5	4	4	1.000	unknown;Proteobacteria;uc_Proteobacteria	-_cellular organisms;d_Bacteria;p_Proteobacteria
k141_2186325	28216	class	Betaproteobacteria	2	1	1	1.000	unknown;Proteobacteria;uc_Betaproteobacteria	-_cellular organisms;d_Bacteria;p_Proteobacteria;c_Betaproteobacteria
k141_1174781	1	no rank	root	2	1	1	1.000	unknown;unknown;unknown	-_root
k141_1520813	1	no rank	root	3	3	3	1.000	unknown;unknown;unknown	-_root
k141_842436	1224	phylum	Proteobacteria	4	3	2	0.510	unknown;Proteobacteria;uc_Proteobacteria	-_cellular organisms;d_Bacteria;p_Proteobacteria
k141_1521696	1	no rank	root	6	6	6	1.000	unknown;unknown;unknown	-_root
k141_503133	1224	phylum	Proteobacteria	3	3	2	0.980	unknown;Proteobacteria;uc_Proteobacteria	-_cellular organisms;d_Bacteria;p_Proteobacteria
k141_2195120	2	superkingdom	Bacteria	9	6	5	0.750	uc_Bacteria;uc_Bacteria;uc_Bacteria	-_cellular organisms;d_Bacteria
k141_504627	1224	phylum	Proteobacteria	3	3	2	0.670	unknown;Proteobacteria;uc_Proteobacteria	-_cellular organisms;d_Bacteria;p_Proteobacteria
k141_1852323	1224	phylum	Proteobacteria	3	2	1	0.500	unknown;Proteobacteria;uc_Proteobacteria	-_cellular organisms;d_Bacteria;p_Proteobacteria
k141_167100	1224	phylum	Proteobacteria	3	3	3	1.000	unknown;Proteobacteria;uc_Proteobacteria	-_cellular organisms;d_Bacteria;p_Proteobacteria
k141_504931	1224	phylum	Proteobacteria	8	6	4	0.600	unknown;Proteobacteria;uc_Proteobacteria	-_cellular organisms;d_Bacteria;p_Proteobacteria
k141_1184857	535	genus	Chromobacterium	2	2	1	0.930	unknown;Proteobacteria;Chromobacteriaceae	-_cellular organisms;d_Bacteria;p_Proteobacteria;c_Betaproteobacteria;o_Neisseriales;f_Chromobacteriaceae;-_Chromobacterium group;g_Chromobacterium
k141_2631959	2	superkingdom	Bacteria	5	5	3	0.510	uc_Bacteria;uc_Bacteria;uc_Bacteria	-_cellular organisms;d_Bacteria
k141_2632224	536	species	Chromobacterium violaceum	2	2	1	0.500	unknown;Proteobacteria;Chromobacteriaceae	-_cellular organisms;d_Bacteria;p_Proteobacteria;c_Betaproteobacteria;o_Neisseriales;f_Chromobacteriaceae;-_Chromobacterium group;g_Chromobacterium;s_Chromobacterium violaceum
k141_1631426	1654931	genus	Crenobacter	3	1	1	1.000	unknown;Proteobacteria;Neisseriaceae	-_cellular organisms;d_Bacteria;p_Proteobacteria;c_Betaproteobacteria;o_Neisseriales;f_Neisseriaceae;g_Crenobacter
k141_953321	2	superkingdom	Bacteria	8	7	5	0.710	uc_Bacteria;uc_Bacteria;uc_Bacteria	-_cellular organisms;d_Bacteria
k141_1631735	1654931	genus	Crenobacter	2	2	2	1.000	unknown;Proteobacteria;Neisseriaceae	-_cellular organisms;d_Bacteria;p_Proteobacteria;c_Betaproteobacteria;o_Neisseriales;f_Neisseriaceae;g_Crenobacter
k141_2633824	1	no rank	root	10	8	8	1.000	unknown;unknown;unknown	-_root
k141_2305099	1224	phylum	Proteobacteria	22	19	13	0.600	unknown;Proteobacteria;uc_Proteobacteria	-_cellular organisms;d_Bacteria;p_Proteobacteria
k141_1296227	1	no rank	root	3	2	2	1.000	unknown;unknown;unknown	-_root
k141_1958139	1224	phylum	Proteobacteria	5	2	1	0.500	unknown;Proteobacteria;uc_Proteobacteria	-_cellular organisms;d_Bacteria;p_Proteobacteria
k141_1633514	2	superkingdom	Bacteria	7	7	4	0.510	uc_Bacteria;uc_Bacteria;uc_Bacteria	-_cellular organisms;d_Bacteria
k141_177508	1224	phylum	Proteobacteria	2	2	1	0.500	unknown;Proteobacteria;uc_Proteobacteria	-_cellular organisms;d_Bacteria;p_Proteobacteria
k141_1863623	1224	phylum	Proteobacteria	5	4	2	0.500	unknown;Proteobacteria;uc_Proteobacteria	-_cellular organisms;d_Bacteria;p_Proteobacteria
k141_178343	2	superkingdom	Bacteria	5	5	3	0.510	uc_Bacteria;uc_Bacteria;uc_Bacteria	-_cellular organisms;d_Bacteria
k141_1196443	1	no rank	root	9	8	8	1.000	unknown;unknown;unknown	-_root
k141_2540698	111527	species group	pseudomallei group	1	1	1	1.000	unknown;Proteobacteria;Burkholderiaceae	-_cellular organisms;d_Bacteria;p_Proteobacteria;c_Betaproteobacteria;o_Burkholderiales;f_Burkholderiaceae;g_Burkholderia;-_pseudomallei group
k141_857733	1224	phylum	Proteobacteria	6	5	4	0.800	unknown;Proteobacteria;uc_Proteobacteria	-_cellular organisms;d_Bacteria;p_Proteobacteria
k141_1536791	206351	order	Neisseriales	4	4	2	0.500	unknown;Proteobacteria;uc_Neisseriales	-_cellular organisms;d_Bacteria;p_Proteobacteria;c_Betaproteobacteria;o_Neisseriales
k141_2541946	1224	phylum	Proteobacteria	10	8	5	0.580	unknown;Proteobacteria;uc_Proteobacteria	-_cellular organisms;d_Bacteria;p_Proteobacteria
k141_1199556	1	no rank	root	3	3	3	1.000	unknown;unknown;unknown	-_root
k141_859911	1	no rank	root	4	4	4	1.000	unknown;unknown;unknown	-_root
k141_2616654	2	superkingdom	Bacteria	3	3	2	0.670	uc_Bacteria;uc_Bacteria;uc_Bacteria	-_cellular organisms;d_Bacteria
k141_2286162	1	no rank	root	3	3	3	1.000	unknown;unknown;unknown	-_root
k141_2616721	1	no rank	root	2	1	1	1.000	unknown;unknown;unknown	-_root
k141_936641	131567	no rank	cellular organisms	2	1	1	1.000	unknown;unknown;unknown	-_cellular organisms
k141_1940988	28216	class	Betaproteobacteria	4	3	2	0.670	unknown;Proteobacteria;uc_Betaproteobacteria	-_cellular organisms;d_Bacteria;p_Proteobacteria;c_Betaproteobacteria
k141_937775	1	no rank	root	4	4	4	1.000	unknown;unknown;unknown	-_root
k141_2289137	1224	phylum	Proteobacteria	4	4	2	0.500	unknown;Proteobacteria;uc_Proteobacteria	-_cellular organisms;d_Bacteria;p_Proteobacteria
k141_1280122	1	no rank	root	6	5	5	1.000	unknown;unknown;unknown	-_root
k141_1942720	28216	class	Betaproteobacteria	4	4	3	0.520	unknown;Proteobacteria;uc_Betaproteobacteria	-_cellular organisms;d_Bacteria;p_Proteobacteria;c_Betaproteobacteria
k141_1618342	1224	phylum	Proteobacteria	2	2	1	0.500	unknown;Proteobacteria;uc_Proteobacteria	-_cellular organisms;d_Bacteria;p_Proteobacteria
k141_1618483	1224	phylum	Proteobacteria	19	18	11	0.590	unknown;Proteobacteria;uc_Proteobacteria	-_cellular organisms;d_Bacteria;p_Proteobacteria
k141_1944065	1	no rank	root	8	8	8	1.000	unknown;unknown;unknown	-_root
k141_2291582	1224	phylum	Proteobacteria	4	4	3	0.750	unknown;Proteobacteria;uc_Proteobacteria	-_cellular organisms;d_Bacteria;p_Proteobacteria
k141_260895	2	superkingdom	Bacteria	10	9	5	0.600	uc_Bacteria;uc_Bacteria;uc_Bacteria	-_cellular organisms;d_Bacteria
k141_1944808	1	no rank	root	3	3	3	1.000	unknown;unknown;unknown	-_root
k141_261659	1224	phylum	Proteobacteria	5	5	4	0.750	unknown;Proteobacteria;uc_Proteobacteria	-_cellular organisms;d_Bacteria;p_Proteobacteria
k141_2623070	1	no rank	root	3	3	3	1.000	unknown;unknown;unknown	-_root
k141_262940	536	species	Chromobacterium violaceum	4	2	1	0.500	unknown;Proteobacteria;Chromobacteriaceae	-_cellular organisms;d_Bacteria;p_Proteobacteria;c_Betaproteobacteria;o_Neisseriales;f_Chromobacteriaceae;-_Chromobacterium group;g_Chromobacterium;s_Chromobacterium violaceum
k141_1947142	2	superkingdom	Bacteria	8	8	7	0.770	uc_Bacteria;uc_Bacteria;uc_Bacteria	-_cellular organisms;d_Bacteria
k141_1947476	2	superkingdom	Bacteria	1	1	1	1.000	uc_Bacteria;uc_Bacteria;uc_Bacteria	-_cellular organisms;d_Bacteria
k141_2665524	131567	no rank	cellular organisms	3	3	3	1.000	unknown;unknown;unknown	-_cellular organisms
k141_1328824	1224	phylum	Proteobacteria	5	5	4	0.750	unknown;Proteobacteria;uc_Proteobacteria	-_cellular organisms;d_Bacteria;p_Proteobacteria
k141_305969	0	no rank	unclassified	1	0	0	0.000		
k141_988961	2746	species	Halomonas elongata	4	2	1	0.500	unknown;Proteobacteria;Halomonadaceae	-_cellular organisms;d_Bacteria;p_Proteobacteria;c_Gammaproteobacteria;o_Oceanospirillales;f_Halomonadaceae;g_Halomonas;s_Halomonas elongata
k141_1991325	1224	phylum	Proteobacteria	3	3	2	0.670	unknown;Proteobacteria;uc_Proteobacteria	-_cellular organisms;d_Bacteria;p_Proteobacteria
k141_647963	1224	phylum	Proteobacteria	6	6	3	0.500	unknown;Proteobacteria;uc_Proteobacteria	-_cellular organisms;d_Bacteria;p_Proteobacteria
k141_1667393	1	no rank	root	6	6	6	1.000	unknown;unknown;unknown	-_root
k141_648635	1224	phylum	Proteobacteria	1	1	1	1.000	unknown;Proteobacteria;uc_Proteobacteria	-_cellular organisms;d_Bacteria;p_Proteobacteria
k141_1331578	1654931	genus	Crenobacter	2	2	2	1.000	unknown;Proteobacteria;Neisseriaceae	-_cellular organisms;d_Bacteria;p_Proteobacteria;c_Betaproteobacteria;o_Neisseriales;f_Neisseriaceae;g_Crenobacter
k141_1670065	1	no rank	root	4	3	3	1.000	unknown;unknown;unknown	-_root
k141_385978	1224	phylum	Proteobacteria	4	4	2	0.500	unknown;Proteobacteria;uc_Proteobacteria	-_cellular organisms;d_Bacteria;p_Proteobacteria
k141_1405865	1224	phylum	Proteobacteria	3	3	3	1.000	unknown;Proteobacteria;uc_Proteobacteria	-_cellular organisms;d_Bacteria;p_Proteobacteria
k141_2416939	1224	phylum	Proteobacteria	4	4	3	0.750	unknown;Proteobacteria;uc_Proteobacteria	-_cellular organisms;d_Bacteria;p_Proteobacteria
k141_2417300	1	no rank	root	3	3	3	1.000	unknown;unknown;unknown	-_root
k141_1070064	1224	phylum	Proteobacteria	3	3	2	0.670	unknown;Proteobacteria;uc_Proteobacteria	-_cellular organisms;d_Bacteria;p_Proteobacteria
k141_2082552	1	no rank	root	4	4	4	1.000	unknown;unknown;unknown	-_root
k141_1070568	1224	phylum	Proteobacteria	3	3	1	0.910	unknown;Proteobacteria;uc_Proteobacteria	-_cellular organisms;d_Bacteria;p_Proteobacteria
k141_731502	1224	phylum	Proteobacteria	3	3	2	0.520	unknown;Proteobacteria;uc_Proteobacteria	-_cellular organisms;d_Bacteria;p_Proteobacteria
k141_2419694	1224	phylum	Proteobacteria	2	2	1	0.500	unknown;Proteobacteria;uc_Proteobacteria	-_cellular organisms;d_Bacteria;p_Proteobacteria
k141_1071947	1	no rank	root	2	2	2	1.000	unknown;unknown;unknown	-_root
k141_738004	1224	phylum	Proteobacteria	5	5	5	1.000	unknown;Proteobacteria;uc_Proteobacteria	-_cellular organisms;d_Bacteria;p_Proteobacteria
k141_1749408	1224	phylum	Proteobacteria	8	7	4	0.660	unknown;Proteobacteria;uc_Proteobacteria	-_cellular organisms;d_Bacteria;p_Proteobacteria
k141_2092619	1	no rank	root	11	10	10	1.000	unknown;unknown;unknown	-_root
k141_401446	1	no rank	root	2	1	1	1.000	unknown;unknown;unknown	-_root
k141_66466	1	no rank	root	11	11	11	1.000	unknown;unknown;unknown	-_root
k141_1754200	2	superkingdom	Bacteria	3	3	2	0.670	uc_Bacteria;uc_Bacteria;uc_Bacteria	-_cellular organisms;d_Bacteria
k141_2094430	1	no rank	root	7	7	7	1.000	unknown;unknown;unknown	-_root
k141_2431309	1	no rank	root	3	3	3	1.000	unknown;unknown;unknown	-_root
k141_405085	1	no rank	root	4	4	4	1.000	unknown;unknown;unknown	-_root
k141_1758481	1224	phylum	Proteobacteria	4	3	2	0.520	unknown;Proteobacteria;uc_Proteobacteria	-_cellular organisms;d_Bacteria;p_Proteobacteria
k141_657329	1236	class	Gammaproteobacteria	2	2	1	0.500	unknown;Proteobacteria;uc_Gammaproteobacteria	-_cellular organisms;d_Bacteria;p_Proteobacteria;c_Gammaproteobacteria
k141_2676809	2	superkingdom	Bacteria	7	7	5	0.610	uc_Bacteria;uc_Bacteria;uc_Bacteria	-_cellular organisms;d_Bacteria
k141_2349915	1224	phylum	Proteobacteria	4	4	2	0.500	unknown;Proteobacteria;uc_Proteobacteria	-_cellular organisms;d_Bacteria;p_Proteobacteria
k141_1678228	1224	phylum	Proteobacteria	3	3	2	0.670	unknown;Proteobacteria;uc_Proteobacteria	-_cellular organisms;d_Bacteria;p_Proteobacteria
k141_2003034	535	genus	Chromobacterium	2	2	1	0.500	unknown;Proteobacteria;Chromobacteriaceae	-_cellular organisms;d_Bacteria;p_Proteobacteria;c_Betaproteobacteria;o_Neisseriales;f_Chromobacteriaceae;-_Chromobacterium group;g_Chromobacterium
k141_660810	1	no rank	root	4	4	4	1.000	unknown;unknown;unknown	-_root
k141_320345	1	no rank	root	3	3	3	1.000	unknown;unknown;unknown	-_root
k141_1681182	2490538	species	Rhodobacteraceae bacterium CH30	1	1	1	1.000	unknown;Proteobacteria;Rhodobacteraceae	-_cellular organisms;d_Bacteria;p_Proteobacteria;c_Alphaproteobacteria;o_Rhodobacterales;f_Rhodobacteraceae;-_unclassified Rhodobacteraceae;s_Rhodobacteraceae bacterium CH30
k141_2353992	2202141	species	Chromobacterium phragmitis	1	1	1	1.000	unknown;Proteobacteria;Chromobacteriaceae	-_cellular organisms;d_Bacteria;p_Proteobacteria;c_Betaproteobacteria;o_Neisseriales;f_Chromobacteriaceae;-_Chromobacterium group;g_Chromobacterium;s_Chromobacterium phragmitis
k141_663654	1224	phylum	Proteobacteria	3	3	2	0.670	unknown;Proteobacteria;uc_Proteobacteria	-_cellular organisms;d_Bacteria;p_Proteobacteria
k141_355272	1224	phylum	Proteobacteria	4	3	2	0.670	unknown;Proteobacteria;uc_Proteobacteria	-_cellular organisms;d_Bacteria;p_Proteobacteria
k141_2380253	1224	phylum	Proteobacteria	5	4	3	0.750	unknown;Proteobacteria;uc_Proteobacteria	-_cellular organisms;d_Bacteria;p_Proteobacteria
k141_1705835	1224	phylum	Proteobacteria	10	9	5	0.570	unknown;Proteobacteria;uc_Proteobacteria	-_cellular organisms;d_Bacteria;p_Proteobacteria
k141_1707692	1869227	species	bacterium	2	2	1	0.500	unknown;unknown;unknown	-_cellular organisms;d_Bacteria;-_unclassified Bacteria;s_bacterium
k141_19904	1224	phylum	Proteobacteria	2	2	1	0.500	unknown;Proteobacteria;uc_Proteobacteria	-_cellular organisms;d_Bacteria;p_Proteobacteria
k141_695627	1	no rank	root	14	14	14	1.000	unknown;unknown;unknown	-_root
k141_1035467	1224	phylum	Proteobacteria	3	2	2	1.000	unknown;Proteobacteria;uc_Proteobacteria	-_cellular organisms;d_Bacteria;p_Proteobacteria
k141_361012	1224	phylum	Proteobacteria	2	2	1	0.500	unknown;Proteobacteria;uc_Proteobacteria	-_cellular organisms;d_Bacteria;p_Proteobacteria
k141_2049057	1224	phylum	Proteobacteria	13	12	7	0.550	unknown;Proteobacteria;uc_Proteobacteria	-_cellular organisms;d_Bacteria;p_Proteobacteria
k141_24203	1224	phylum	Proteobacteria	1	1	1	1.000	unknown;Proteobacteria;uc_Proteobacteria	-_cellular organisms;d_Bacteria;p_Proteobacteria
k141_772379	2	superkingdom	Bacteria	3	3	3	1.000	uc_Bacteria;uc_Bacteria;uc_Bacteria	-_cellular organisms;d_Bacteria
k141_97214	1224	phylum	Proteobacteria	4	4	4	1.000	unknown;Proteobacteria;uc_Proteobacteria	-_cellular organisms;d_Bacteria;p_Proteobacteria
k141_2460916	2	superkingdom	Bacteria	3	3	2	0.670	uc_Bacteria;uc_Bacteria;uc_Bacteria	-_cellular organisms;d_Bacteria
k141_433702	649777	family	Synergistaceae	2	2	1	0.500	unknown;Synergistetes;Synergistaceae	-_cellular organisms;d_Bacteria;p_Synergistetes;c_Synergistia;o_Synergistales;f_Synergistaceae
k141_1453888	1	no rank	root	3	3	3	1.000	unknown;unknown;unknown	-_root
k141_1114775	2	superkingdom	Bacteria	3	1	1	1.000	uc_Bacteria;uc_Bacteria;uc_Bacteria	-_cellular organisms;d_Bacteria
k141_2128262	1	no rank	root	3	3	3	1.000	unknown;unknown;unknown	-_root
k141_1787039	1224	phylum	Proteobacteria	5	5	4	0.760	unknown;Proteobacteria;uc_Proteobacteria	-_cellular organisms;d_Bacteria;p_Proteobacteria
k141_1116038	1	no rank	root	7	7	7	1.000	unknown;unknown;unknown	-_root
k141_1116833	1	no rank	root	5	4	4	1.000	unknown;unknown;unknown	-_root
k141_2063737	1224	phylum	Proteobacteria	8	7	5	0.610	unknown;Proteobacteria;uc_Proteobacteria	-_cellular organisms;d_Bacteria;p_Proteobacteria
k141_1052728	1224	phylum	Proteobacteria	16	16	10	0.610	unknown;Proteobacteria;uc_Proteobacteria	-_cellular organisms;d_Bacteria;p_Proteobacteria
k141_2065153	2	superkingdom	Bacteria	10	9	5	0.560	uc_Bacteria;uc_Bacteria;uc_Bacteria	-_cellular organisms;d_Bacteria
k141_1054229	206351	order	Neisseriales	2	2	2	1.000	unknown;Proteobacteria;uc_Neisseriales	-_cellular organisms;d_Bacteria;p_Proteobacteria;c_Betaproteobacteria;o_Neisseriales
k141_715667	1	no rank	root	3	3	3	1.000	unknown;unknown;unknown	-_root
k141_2402900	2	superkingdom	Bacteria	3	3	2	0.670	uc_Bacteria;uc_Bacteria;uc_Bacteria	-_cellular organisms;d_Bacteria
k141_716475	1	no rank	root	3	3	3	1.000	unknown;unknown;unknown	-_root
k141_1055293	1224	phylum	Proteobacteria	6	5	4	0.690	unknown;Proteobacteria;uc_Proteobacteria	-_cellular organisms;d_Bacteria;p_Proteobacteria
k141_41029	1224	phylum	Proteobacteria	4	3	2	0.670	unknown;Proteobacteria;uc_Proteobacteria	-_cellular organisms;d_Bacteria;p_Proteobacteria
k141_1394188	1224	phylum	Proteobacteria	2	2	1	0.500	unknown;Proteobacteria;uc_Proteobacteria	-_cellular organisms;d_Bacteria;p_Proteobacteria
k141_2563701	1224	phylum	Proteobacteria	4	3	3	1.000	unknown;Proteobacteria;uc_Proteobacteria	-_cellular organisms;d_Bacteria;p_Proteobacteria
k141_202731	1224	phylum	Proteobacteria	5	5	4	0.800	unknown;Proteobacteria;uc_Proteobacteria	-_cellular organisms;d_Bacteria;p_Proteobacteria
k141_1560074	2	superkingdom	Bacteria	5	4	3	0.540	uc_Bacteria;uc_Bacteria;uc_Bacteria	-_cellular organisms;d_Bacteria
k141_541641	2	superkingdom	Bacteria	3	3	2	0.510	uc_Bacteria;uc_Bacteria;uc_Bacteria	-_cellular organisms;d_Bacteria
k141_1887846	1224	phylum	Proteobacteria	4	4	3	0.970	unknown;Proteobacteria;uc_Proteobacteria	-_cellular organisms;d_Bacteria;p_Proteobacteria
k141_2234347	1	no rank	root	2	1	1	1.000	unknown;unknown;unknown	-_root
k141_1561592	2	superkingdom	Bacteria	3	3	3	1.000	uc_Bacteria;uc_Bacteria;uc_Bacteria	-_cellular organisms;d_Bacteria
k141_1561813	0	no rank	unclassified	1	0	0	0.000		
k141_1223442	2	superkingdom	Bacteria	5	5	3	0.740	uc_Bacteria;uc_Bacteria;uc_Bacteria	-_cellular organisms;d_Bacteria
k141_1891178	1224	phylum	Proteobacteria	9	7	6	0.800	unknown;Proteobacteria;uc_Proteobacteria	-_cellular organisms;d_Bacteria;p_Proteobacteria
k141_588744	1	no rank	root	7	5	5	1.000	unknown;unknown;unknown	-_root
k141_1270920	1224	phylum	Proteobacteria	4	4	2	0.500	unknown;Proteobacteria;uc_Proteobacteria	-_cellular organisms;d_Bacteria;p_Proteobacteria
k141_1934301	28216	class	Betaproteobacteria	6	5	3	0.510	unknown;Proteobacteria;uc_Betaproteobacteria	-_cellular organisms;d_Bacteria;p_Proteobacteria;c_Betaproteobacteria
k141_2612746	206351	order	Neisseriales	5	4	2	0.500	unknown;Proteobacteria;uc_Neisseriales	-_cellular organisms;d_Bacteria;p_Proteobacteria;c_Betaproteobacteria;o_Neisseriales
k141_1935936	2	superkingdom	Bacteria	7	7	4	0.600	uc_Bacteria;uc_Bacteria;uc_Bacteria	-_cellular organisms;d_Bacteria
k141_252753	135621	family	Pseudomonadaceae	6	5	2	0.630	unknown;Proteobacteria;Pseudomonadaceae	-_cellular organisms;d_Bacteria;p_Proteobacteria;c_Gammaproteobacteria;o_Pseudomonadales;f_Pseudomonadaceae
k141_1936580	1224	phylum	Proteobacteria	5	4	3	0.750	unknown;Proteobacteria;uc_Proteobacteria	-_cellular organisms;d_Bacteria;p_Proteobacteria
k141_253979	1224	phylum	Proteobacteria	3	3	2	0.670	unknown;Proteobacteria;uc_Proteobacteria	-_cellular organisms;d_Bacteria;p_Proteobacteria
k141_2615888	1224	phylum	Proteobacteria	4	3	2	0.980	unknown;Proteobacteria;uc_Proteobacteria	-_cellular organisms;d_Bacteria;p_Proteobacteria
k141_2285702	1420917	species	Marinobacter salarius	2	2	1	0.940	unknown;Proteobacteria;Marinobacteraceae	-_cellular organisms;d_Bacteria;p_Proteobacteria;c_Gammaproteobacteria;o_Pseudomonadales;f_Marinobacteraceae;g_Marinobacter;s_Marinobacter salarius
k141_1589854	1224	phylum	Proteobacteria	2	2	2	1.000	unknown;Proteobacteria;uc_Proteobacteria	-_cellular organisms;d_Bacteria;p_Proteobacteria
k141_1252464	168471	species	Laribacter hongkongensis	4	4	3	0.750	unknown;Proteobacteria;Chromobacteriaceae	-_cellular organisms;d_Bacteria;p_Proteobacteria;c_Betaproteobacteria;o_Neisseriales;f_Chromobacteriaceae;g_Laribacter;s_Laribacter hongkongensis
k141_1252656	1	no rank	root	8	8	8	1.000	unknown;unknown;unknown	-_root
k141_911500	1224	phylum	Proteobacteria	8	8	5	0.570	unknown;Proteobacteria;uc_Proteobacteria	-_cellular organisms;d_Bacteria;p_Proteobacteria
k141_571407	1224	phylum	Proteobacteria	4	4	3	0.680	unknown;Proteobacteria;uc_Proteobacteria	-_cellular organisms;d_Bacteria;p_Proteobacteria
k141_1591257	1224	phylum	Proteobacteria	3	3	2	0.670	unknown;Proteobacteria;uc_Proteobacteria	-_cellular organisms;d_Bacteria;p_Proteobacteria
k141_234171	397275	genus	Andreprevotia	2	2	1	0.500	unknown;Proteobacteria;Chromobacteriaceae	-_cellular organisms;d_Bacteria;p_Proteobacteria;c_Betaproteobacteria;o_Neisseriales;f_Chromobacteriaceae;g_Andreprevotia
k141_1918641	1224	phylum	Proteobacteria	2	2	1	0.500	unknown;Proteobacteria;uc_Proteobacteria	-_cellular organisms;d_Bacteria;p_Proteobacteria
k141_574541	1224	phylum	Proteobacteria	7	6	4	0.670	unknown;Proteobacteria;uc_Proteobacteria	-_cellular organisms;d_Bacteria;p_Proteobacteria
k141_1255917	28216	class	Betaproteobacteria	2	2	1	0.500	unknown;Proteobacteria;uc_Betaproteobacteria	-_cellular organisms;d_Bacteria;p_Proteobacteria;c_Betaproteobacteria
k141_2589422	1224	phylum	Proteobacteria	1	1	1	1.000	unknown;Proteobacteria;uc_Proteobacteria	-_cellular organisms;d_Bacteria;p_Proteobacteria
k141_1585614	2	superkingdom	Bacteria	5	5	3	0.600	uc_Bacteria;uc_Bacteria;uc_Bacteria	-_cellular organisms;d_Bacteria
k141_2025546	1	no rank	root	4	4	4	1.000	unknown;unknown;unknown	-_root
k141_337937	2	superkingdom	Bacteria	4	3	2	0.670	uc_Bacteria;uc_Bacteria;uc_Bacteria	-_cellular organisms;d_Bacteria
k141_676438	2	superkingdom	Bacteria	3	3	2	0.670	uc_Bacteria;uc_Bacteria;uc_Bacteria	-_cellular organisms;d_Bacteria
k141_2347	1	no rank	root	4	4	4	1.000	unknown;unknown;unknown	-_root
k141_677890	1224	phylum	Proteobacteria	4	4	3	0.750	unknown;Proteobacteria;uc_Proteobacteria	-_cellular organisms;d_Bacteria;p_Proteobacteria
k141_1354257	1	no rank	root	7	6	6	1.000	unknown;unknown;unknown	-_root
k141_2029455	1	no rank	root	8	7	7	1.000	unknown;unknown;unknown	-_root
k141_342063	1224	phylum	Proteobacteria	2	1	1	1.000	unknown;Proteobacteria;uc_Proteobacteria	-_cellular organisms;d_Bacteria;p_Proteobacteria
k141_521375	1224	phylum	Proteobacteria	6	5	3	0.600	unknown;Proteobacteria;uc_Proteobacteria	-_cellular organisms;d_Bacteria;p_Proteobacteria
k141_1202113	1224	phylum	Proteobacteria	6	5	3	0.510	unknown;Proteobacteria;uc_Proteobacteria	-_cellular organisms;d_Bacteria;p_Proteobacteria
k141_862751	28216	class	Betaproteobacteria	2	1	1	1.000	unknown;Proteobacteria;uc_Betaproteobacteria	-_cellular organisms;d_Bacteria;p_Proteobacteria;c_Betaproteobacteria
k141_2213627	1224	phylum	Proteobacteria	2	2	1	0.500	unknown;Proteobacteria;uc_Proteobacteria	-_cellular organisms;d_Bacteria;p_Proteobacteria
k141_1870891	131567	no rank	cellular organisms	1	1	1	1.000	unknown;unknown;unknown	-_cellular organisms
k141_2215034	1224	phylum	Proteobacteria	6	6	3	0.590	unknown;Proteobacteria;uc_Proteobacteria	-_cellular organisms;d_Bacteria;p_Proteobacteria
k141_2548273	1224	phylum	Proteobacteria	5	3	3	1.000	unknown;Proteobacteria;uc_Proteobacteria	-_cellular organisms;d_Bacteria;p_Proteobacteria
k141_2217115	0	no rank	unclassified	2	0	0	0.000		
k141_188869	1224	phylum	Proteobacteria	2	2	1	0.500	unknown;Proteobacteria;uc_Proteobacteria	-_cellular organisms;d_Bacteria;p_Proteobacteria
k141_1207532	2	superkingdom	Bacteria	1	1	1	1.000	uc_Bacteria;uc_Bacteria;uc_Bacteria	-_cellular organisms;d_Bacteria
k141_1958640	1224	phylum	Proteobacteria	5	5	3	0.510	unknown;Proteobacteria;uc_Proteobacteria	-_cellular organisms;d_Bacteria;p_Proteobacteria
k141_615513	1224	phylum	Proteobacteria	12	11	8	0.700	unknown;Proteobacteria;uc_Proteobacteria	-_cellular organisms;d_Bacteria;p_Proteobacteria
k141_615855	1224	phylum	Proteobacteria	4	4	4	1.000	unknown;Proteobacteria;uc_Proteobacteria	-_cellular organisms;d_Bacteria;p_Proteobacteria
k141_617558	1224	phylum	Proteobacteria	6	6	5	0.990	unknown;Proteobacteria;uc_Proteobacteria	-_cellular organisms;d_Bacteria;p_Proteobacteria
k141_277174	1224	phylum	Proteobacteria	2	2	1	0.500	unknown;Proteobacteria;uc_Proteobacteria	-_cellular organisms;d_Bacteria;p_Proteobacteria
k141_2308312	1224	phylum	Proteobacteria	12	9	6	0.790	unknown;Proteobacteria;uc_Proteobacteria	-_cellular organisms;d_Bacteria;p_Proteobacteria
k141_619514	1	no rank	root	6	6	6	1.000	unknown;unknown;unknown	-_root
k141_1301643	1224	phylum	Proteobacteria	7	6	4	0.670	unknown;Proteobacteria;uc_Proteobacteria	-_cellular organisms;d_Bacteria;p_Proteobacteria
k141_1301782	1224	phylum	Proteobacteria	5	5	3	0.600	unknown;Proteobacteria;uc_Proteobacteria	-_cellular organisms;d_Bacteria;p_Proteobacteria
k141_1303178	1224	phylum	Proteobacteria	3	3	2	0.980	unknown;Proteobacteria;uc_Proteobacteria	-_cellular organisms;d_Bacteria;p_Proteobacteria
k141_383034	2	superkingdom	Bacteria	4	4	3	0.670	uc_Bacteria;uc_Bacteria;uc_Bacteria	-_cellular organisms;d_Bacteria
k141_383139	1224	phylum	Proteobacteria	4	2	2	1.000	unknown;Proteobacteria;uc_Proteobacteria	-_cellular organisms;d_Bacteria;p_Proteobacteria
k141_2410963	1	no rank	root	3	3	3	1.000	unknown;unknown;unknown	-_root
k141_2411109	1224	phylum	Proteobacteria	2	2	1	0.500	unknown;Proteobacteria;uc_Proteobacteria	-_cellular organisms;d_Bacteria;p_Proteobacteria
k141_1736947	1224	phylum	Proteobacteria	30	27	16	0.610	unknown;Proteobacteria;uc_Proteobacteria	-_cellular organisms;d_Bacteria;p_Proteobacteria
k141_385060	2202141	species	Chromobacterium phragmitis	2	2	1	0.500	unknown;Proteobacteria;Chromobacteriaceae	-_cellular organisms;d_Bacteria;p_Proteobacteria;c_Betaproteobacteria;o_Neisseriales;f_Chromobacteriaceae;-_Chromobacterium group;g_Chromobacterium;s_Chromobacterium phragmitis
k141_385117	1	no rank	root	6	6	6	1.000	unknown;unknown;unknown	-_root
k141_1737113	2	superkingdom	Bacteria	3	3	2	0.670	uc_Bacteria;uc_Bacteria;uc_Bacteria	-_cellular organisms;d_Bacteria
k141_2076248	1	no rank	root	2	2	2	1.000	unknown;unknown;unknown	-_root
k141_2412517	1224	phylum	Proteobacteria	2	2	1	0.500	unknown;Proteobacteria;uc_Proteobacteria	-_cellular organisms;d_Bacteria;p_Proteobacteria
k141_106992	1224	phylum	Proteobacteria	6	6	4	0.610	unknown;Proteobacteria;uc_Proteobacteria	-_cellular organisms;d_Bacteria;p_Proteobacteria
k141_2470068	1224	phylum	Proteobacteria	6	4	3	0.970	unknown;Proteobacteria;uc_Proteobacteria	-_cellular organisms;d_Bacteria;p_Proteobacteria
k141_2135363	1	no rank	root	6	5	5	1.000	unknown;unknown;unknown	-_root
k141_1122776	2	superkingdom	Bacteria	6	6	6	1.000	uc_Bacteria;uc_Bacteria;uc_Bacteria	-_cellular organisms;d_Bacteria
k141_2470958	1	no rank	root	5	3	3	1.000	unknown;unknown;unknown	-_root
k141_446026	1	no rank	root	2	2	2	1.000	unknown;unknown;unknown	-_root
k141_1464998	1224	phylum	Proteobacteria	2	2	1	0.500	unknown;Proteobacteria;uc_Proteobacteria	-_cellular organisms;d_Bacteria;p_Proteobacteria
k141_111351	1224	phylum	Proteobacteria	2	2	1	0.500	unknown;Proteobacteria;uc_Proteobacteria	-_cellular organisms;d_Bacteria;p_Proteobacteria
k141_787058	1224	phylum	Proteobacteria	2	2	2	1.000	unknown;Proteobacteria;uc_Proteobacteria	-_cellular organisms;d_Bacteria;p_Proteobacteria
k141_448022	1224	phylum	Proteobacteria	2	2	1	0.910	unknown;Proteobacteria;uc_Proteobacteria	-_cellular organisms;d_Bacteria;p_Proteobacteria
k141_1891542	1224	phylum	Proteobacteria	3	3	2	0.670	unknown;Proteobacteria;uc_Proteobacteria	-_cellular organisms;d_Bacteria;p_Proteobacteria
k141_1891853	1224	phylum	Proteobacteria	3	3	3	1.000	unknown;Proteobacteria;uc_Proteobacteria	-_cellular organisms;d_Bacteria;p_Proteobacteria
k141_1565751	1762	family	Mycobacteriaceae	3	1	1	1.000	unknown;Actinobacteria;Mycobacteriaceae	-_cellular organisms;d_Bacteria;-_Terrabacteria group;p_Actinobacteria;c_Actinomycetia;o_Corynebacteriales;f_Mycobacteriaceae
k141_1227424	1224	phylum	Proteobacteria	3	3	3	1.000	unknown;Proteobacteria;uc_Proteobacteria	-_cellular organisms;d_Bacteria;p_Proteobacteria
k141_1893534	1	no rank	root	6	5	5	1.000	unknown;unknown;unknown	-_root
k141_209497	1	no rank	root	2	2	2	1.000	unknown;unknown;unknown	-_root
k141_548293	2	superkingdom	Bacteria	2	2	1	0.500	uc_Bacteria;uc_Bacteria;uc_Bacteria	-_cellular organisms;d_Bacteria
k141_209866	2	superkingdom	Bacteria	18	16	9	0.550	uc_Bacteria;uc_Bacteria;uc_Bacteria	-_cellular organisms;d_Bacteria
k141_1894652	2	superkingdom	Bacteria	2	2	1	0.500	uc_Bacteria;uc_Bacteria;uc_Bacteria	-_cellular organisms;d_Bacteria
k141_2241694	1224	phylum	Proteobacteria	1	1	1	1.000	unknown;Proteobacteria;uc_Proteobacteria	-_cellular organisms;d_Bacteria;p_Proteobacteria
k141_965876	2	superkingdom	Bacteria	2	2	2	1.000	uc_Bacteria;uc_Bacteria;uc_Bacteria	-_cellular organisms;d_Bacteria
k141_1308627	2	superkingdom	Bacteria	4	4	2	0.650	uc_Bacteria;uc_Bacteria;uc_Bacteria	-_cellular organisms;d_Bacteria
k141_2647989	1224	phylum	Proteobacteria	5	3	3	1.000	unknown;Proteobacteria;uc_Proteobacteria	-_cellular organisms;d_Bacteria;p_Proteobacteria
k141_287248	1236	class	Gammaproteobacteria	1	1	1	1.000	unknown;Proteobacteria;uc_Gammaproteobacteria	-_cellular organisms;d_Bacteria;p_Proteobacteria;c_Gammaproteobacteria
k141_1646767	1224	phylum	Proteobacteria	5	5	4	0.760	unknown;Proteobacteria;uc_Proteobacteria	-_cellular organisms;d_Bacteria;p_Proteobacteria
k141_968894	1	no rank	root	16	14	14	1.000	unknown;unknown;unknown	-_root
k141_628300	1	no rank	root	3	3	3	1.000	unknown;unknown;unknown	-_root
k141_969860	1	no rank	root	5	5	5	1.000	unknown;unknown;unknown	-_root
k141_1648116	1224	phylum	Proteobacteria	5	5	3	0.740	unknown;Proteobacteria;uc_Proteobacteria	-_cellular organisms;d_Bacteria;p_Proteobacteria
k141_971400	1	no rank	root	2	1	1	1.000	unknown;unknown;unknown	-_root
k141_1023124	1	no rank	root	2	2	2	1.000	unknown;unknown;unknown	-_root
k141_347986	2	superkingdom	Bacteria	3	3	2	0.510	uc_Bacteria;uc_Bacteria;uc_Bacteria	-_cellular organisms;d_Bacteria
k141_1361212	1	no rank	root	11	9	9	1.000	unknown;unknown;unknown	-_root
k141_2373859	2	superkingdom	Bacteria	3	3	2	0.670	uc_Bacteria;uc_Bacteria;uc_Bacteria	-_cellular organisms;d_Bacteria
k141_1025688	1224	phylum	Proteobacteria	6	5	4	0.750	unknown;Proteobacteria;uc_Proteobacteria	-_cellular organisms;d_Bacteria;p_Proteobacteria
k141_350392	1224	phylum	Proteobacteria	6	4	2	0.500	unknown;Proteobacteria;uc_Proteobacteria	-_cellular organisms;d_Bacteria;p_Proteobacteria
k141_12814	2	superkingdom	Bacteria	9	9	6	0.570	uc_Bacteria;uc_Bacteria;uc_Bacteria	-_cellular organisms;d_Bacteria
k141_352201	1	no rank	root	15	14	14	1.000	unknown;unknown;unknown	-_root
k141_690925	1224	phylum	Proteobacteria	5	4	2	0.500	unknown;Proteobacteria;uc_Proteobacteria	-_cellular organisms;d_Bacteria;p_Proteobacteria
k141_16071	1224	phylum	Proteobacteria	2	2	1	0.500	unknown;Proteobacteria;uc_Proteobacteria	-_cellular organisms;d_Bacteria;p_Proteobacteria
k141_1441336	1	no rank	root	3	3	3	1.000	unknown;unknown;unknown	-_root
k141_763841	1224	phylum	Proteobacteria	9	9	6	0.630	unknown;Proteobacteria;uc_Proteobacteria	-_cellular organisms;d_Bacteria;p_Proteobacteria
k141_2116234	1	no rank	root	9	7	7	1.000	unknown;unknown;unknown	-_root
k141_1776388	1224	phylum	Proteobacteria	5	5	3	0.510	unknown;Proteobacteria;uc_Proteobacteria	-_cellular organisms;d_Bacteria;p_Proteobacteria
k141_1104563	1224	phylum	Proteobacteria	8	8	4	0.500	unknown;Proteobacteria;uc_Proteobacteria	-_cellular organisms;d_Bacteria;p_Proteobacteria
k141_765407	1224	phylum	Proteobacteria	3	3	2	0.670	unknown;Proteobacteria;uc_Proteobacteria	-_cellular organisms;d_Bacteria;p_Proteobacteria
k141_765435	1224	phylum	Proteobacteria	3	3	2	0.670	unknown;Proteobacteria;uc_Proteobacteria	-_cellular organisms;d_Bacteria;p_Proteobacteria
k141_2118307	1	no rank	root	3	2	2	1.000	unknown;unknown;unknown	-_root
k141_765991	1	no rank	root	5	4	4	1.000	unknown;unknown;unknown	-_root
k141_766418	2	superkingdom	Bacteria	3	3	2	0.970	uc_Bacteria;uc_Bacteria;uc_Bacteria	-_cellular organisms;d_Bacteria
k141_2396431	1224	phylum	Proteobacteria	7	6	3	0.590	unknown;Proteobacteria;uc_Proteobacteria	-_cellular organisms;d_Bacteria;p_Proteobacteria
k141_370961	28216	class	Betaproteobacteria	4	2	1	0.500	unknown;Proteobacteria;uc_Betaproteobacteria	-_cellular organisms;d_Bacteria;p_Proteobacteria;c_Betaproteobacteria
k141_2397197	2	superkingdom	Bacteria	4	3	3	1.000	uc_Bacteria;uc_Bacteria;uc_Bacteria	-_cellular organisms;d_Bacteria
k141_2397293	1224	phylum	Proteobacteria	1	1	1	1.000	unknown;Proteobacteria;uc_Proteobacteria	-_cellular organisms;d_Bacteria;p_Proteobacteria
k141_1048876	2	superkingdom	Bacteria	9	8	5	0.510	uc_Bacteria;uc_Bacteria;uc_Bacteria	-_cellular organisms;d_Bacteria
k141_2397567	1	no rank	root	8	7	7	1.000	unknown;unknown;unknown	-_root
k141_1387319	131567	no rank	cellular organisms	1	1	1	1.000	unknown;unknown;unknown	-_cellular organisms
k141_1049455	28216	class	Betaproteobacteria	4	4	2	0.500	unknown;Proteobacteria;uc_Betaproteobacteria	-_cellular organisms;d_Bacteria;p_Proteobacteria;c_Betaproteobacteria
k141_372173	1224	phylum	Proteobacteria	5	4	3	0.670	unknown;Proteobacteria;uc_Proteobacteria	-_cellular organisms;d_Bacteria;p_Proteobacteria
k141_713538	2	superkingdom	Bacteria	4	3	2	0.510	uc_Bacteria;uc_Bacteria;uc_Bacteria	-_cellular organisms;d_Bacteria
k141_634217	1	no rank	root	4	3	3	1.000	unknown;unknown;unknown	-_root
k141_974798	1224	phylum	Proteobacteria	2	2	1	0.500	unknown;Proteobacteria;uc_Proteobacteria	-_cellular organisms;d_Bacteria;p_Proteobacteria
k141_634496	2	superkingdom	Bacteria	5	4	3	0.670	uc_Bacteria;uc_Bacteria;uc_Bacteria	-_cellular organisms;d_Bacteria
k141_975553	1224	phylum	Proteobacteria	5	5	5	1.000	unknown;Proteobacteria;uc_Proteobacteria	-_cellular organisms;d_Bacteria;p_Proteobacteria
k141_2330790	28216	class	Betaproteobacteria	8	7	3	0.590	unknown;Proteobacteria;uc_Betaproteobacteria	-_cellular organisms;d_Bacteria;p_Proteobacteria;c_Betaproteobacteria
k141_980911	1224	phylum	Proteobacteria	4	4	3	0.750	unknown;Proteobacteria;uc_Proteobacteria	-_cellular organisms;d_Bacteria;p_Proteobacteria
k141_300579	1	no rank	root	10	8	8	1.000	unknown;unknown;unknown	-_root
k141_1984864	1224	phylum	Proteobacteria	4	4	3	0.680	unknown;Proteobacteria;uc_Proteobacteria	-_cellular organisms;d_Bacteria;p_Proteobacteria
k141_2332865	1224	phylum	Proteobacteria	7	7	4	0.500	unknown;Proteobacteria;uc_Proteobacteria	-_cellular organisms;d_Bacteria;p_Proteobacteria
k141_1985029	1224	phylum	Proteobacteria	3	3	2	0.670	unknown;Proteobacteria;uc_Proteobacteria	-_cellular organisms;d_Bacteria;p_Proteobacteria
k141_1375773	2	superkingdom	Bacteria	6	5	3	0.600	uc_Bacteria;uc_Bacteria;uc_Bacteria	-_cellular organisms;d_Bacteria
k141_361522	1224	phylum	Proteobacteria	4	3	2	0.520	unknown;Proteobacteria;uc_Proteobacteria	-_cellular organisms;d_Bacteria;p_Proteobacteria
k141_25729	1224	phylum	Proteobacteria	9	8	6	0.970	unknown;Proteobacteria;uc_Proteobacteria	-_cellular organisms;d_Bacteria;p_Proteobacteria
k141_1378092	1	no rank	root	11	10	10	1.000	unknown;unknown;unknown	-_root
k141_1715598	1224	phylum	Proteobacteria	5	4	2	0.500	unknown;Proteobacteria;uc_Proteobacteria	-_cellular organisms;d_Bacteria;p_Proteobacteria
k141_1380146	1499392	family	Chromobacteriaceae	2	2	1	0.500	unknown;Proteobacteria;Chromobacteriaceae	-_cellular organisms;d_Bacteria;p_Proteobacteria;c_Betaproteobacteria;o_Neisseriales;f_Chromobacteriaceae
k141_30002	1144873	species	Paludibacterium purpuratum	1	1	1	1.000	unknown;Proteobacteria;Chromobacteriaceae	-_cellular organisms;d_Bacteria;p_Proteobacteria;c_Betaproteobacteria;o_Neisseriales;f_Chromobacteriaceae;g_Paludibacterium;s_Paludibacterium purpuratum
k141_368386	1224	phylum	Proteobacteria	4	3	2	0.670	unknown;Proteobacteria;uc_Proteobacteria	-_cellular organisms;d_Bacteria;p_Proteobacteria
k141_369038	1	no rank	root	3	3	3	1.000	unknown;unknown;unknown	-_root
k141_1720877	1	no rank	root	5	4	4	1.000	unknown;unknown;unknown	-_root
k141_2493522	1224	phylum	Proteobacteria	2	1	1	1.000	unknown;Proteobacteria;uc_Proteobacteria	-_cellular organisms;d_Bacteria;p_Proteobacteria
k141_1486226	2	superkingdom	Bacteria	4	4	3	0.670	uc_Bacteria;uc_Bacteria;uc_Bacteria	-_cellular organisms;d_Bacteria
k141_1486289	131567	no rank	cellular organisms	3	1	1	1.000	unknown;unknown;unknown	-_cellular organisms
k141_1486299	2490538	species	Rhodobacteraceae bacterium CH30	2	2	1	0.500	unknown;Proteobacteria;Rhodobacteraceae	-_cellular organisms;d_Bacteria;p_Proteobacteria;c_Alphaproteobacteria;o_Rhodobacterales;f_Rhodobacteraceae;-_unclassified Rhodobacteraceae;s_Rhodobacteraceae bacterium CH30
k141_1146890	1224	phylum	Proteobacteria	2	1	1	1.000	unknown;Proteobacteria;uc_Proteobacteria	-_cellular organisms;d_Bacteria;p_Proteobacteria
k141_2160113	28216	class	Betaproteobacteria	7	7	4	0.510	unknown;Proteobacteria;uc_Betaproteobacteria	-_cellular organisms;d_Bacteria;p_Proteobacteria;c_Betaproteobacteria
k141_807997	1224	phylum	Proteobacteria	2	2	1	0.500	unknown;Proteobacteria;uc_Proteobacteria	-_cellular organisms;d_Bacteria;p_Proteobacteria
k141_1817601	1654931	genus	Crenobacter	3	2	1	0.500	unknown;Proteobacteria;Neisseriaceae	-_cellular organisms;d_Bacteria;p_Proteobacteria;c_Betaproteobacteria;o_Neisseriales;f_Neisseriaceae;g_Crenobacter
k141_468463	2	superkingdom	Bacteria	5	5	3	0.600	uc_Bacteria;uc_Bacteria;uc_Bacteria	-_cellular organisms;d_Bacteria
k141_808380	2	superkingdom	Bacteria	8	6	3	0.500	uc_Bacteria;uc_Bacteria;uc_Bacteria	-_cellular organisms;d_Bacteria
k141_2161731	1	no rank	root	4	3	3	1.000	unknown;unknown;unknown	-_root
k141_809523	1654931	genus	Crenobacter	3	2	1	0.500	unknown;Proteobacteria;Neisseriaceae	-_cellular organisms;d_Bacteria;p_Proteobacteria;c_Betaproteobacteria;o_Neisseriales;f_Neisseriaceae;g_Crenobacter
k141_470380	1224	phylum	Proteobacteria	3	3	2	0.670	unknown;Proteobacteria;uc_Proteobacteria	-_cellular organisms;d_Bacteria;p_Proteobacteria
k141_1150834	1224	phylum	Proteobacteria	4	4	2	0.500	unknown;Proteobacteria;uc_Proteobacteria	-_cellular organisms;d_Bacteria;p_Proteobacteria
k141_1820609	1	no rank	root	3	2	2	1.000	unknown;unknown;unknown	-_root
k141_1152184	28216	class	Betaproteobacteria	1	1	1	1.000	unknown;Proteobacteria;uc_Betaproteobacteria	-_cellular organisms;d_Bacteria;p_Proteobacteria;c_Betaproteobacteria
k141_1152423	1224	phylum	Proteobacteria	6	6	4	0.510	unknown;Proteobacteria;uc_Proteobacteria	-_cellular organisms;d_Bacteria;p_Proteobacteria
k141_1152611	1654931	genus	Crenobacter	2	2	1	0.500	unknown;Proteobacteria;Neisseriaceae	-_cellular organisms;d_Bacteria;p_Proteobacteria;c_Betaproteobacteria;o_Neisseriales;f_Neisseriaceae;g_Crenobacter
k141_136798	872	genus	Desulfovibrio	2	2	1	0.930	unknown;Proteobacteria;Desulfovibrionaceae	-_cellular organisms;d_Bacteria;p_Proteobacteria;-_delta/epsilon subdivisions;c_Deltaproteobacteria;o_Desulfovibrionales;f_Desulfovibrionaceae;g_Desulfovibrio
k141_814747	28216	class	Betaproteobacteria	5	4	2	0.510	unknown;Proteobacteria;uc_Betaproteobacteria	-_cellular organisms;d_Bacteria;p_Proteobacteria;c_Betaproteobacteria
k141_2465703	2	superkingdom	Bacteria	7	6	5	0.750	uc_Bacteria;uc_Bacteria;uc_Bacteria	-_cellular organisms;d_Bacteria
k141_778191	1224	phylum	Proteobacteria	3	2	1	0.500	unknown;Proteobacteria;uc_Proteobacteria	-_cellular organisms;d_Bacteria;p_Proteobacteria
k141_1457821	1	no rank	root	3	3	3	1.000	unknown;unknown;unknown	-_root
k141_439093	0	no rank	unclassified	1	0	0	0.000		
k141_439521	2	superkingdom	Bacteria	1	1	1	1.000	uc_Bacteria;uc_Bacteria;uc_Bacteria	-_cellular organisms;d_Bacteria
k141_779557	1	no rank	root	4	4	4	1.000	unknown;unknown;unknown	-_root
k141_1119713	2	superkingdom	Bacteria	5	5	5	1.000	uc_Bacteria;uc_Bacteria;uc_Bacteria	-_cellular organisms;d_Bacteria
k141_1791685	165696	genus	Novosphingobium	1	1	1	1.000	unknown;Proteobacteria;Sphingomonadaceae	-_cellular organisms;d_Bacteria;p_Proteobacteria;c_Alphaproteobacteria;o_Sphingomonadales;f_Sphingomonadaceae;g_Novosphingobium
k141_441181	2	superkingdom	Bacteria	9	9	7	0.750	uc_Bacteria;uc_Bacteria;uc_Bacteria	-_cellular organisms;d_Bacteria
k141_1460344	2	superkingdom	Bacteria	5	5	4	0.550	uc_Bacteria;uc_Bacteria;uc_Bacteria	-_cellular organisms;d_Bacteria
k141_747833	1	no rank	root	3	2	2	1.000	unknown;unknown;unknown	-_root
k141_408394	1224	phylum	Proteobacteria	8	8	5	0.600	unknown;Proteobacteria;uc_Proteobacteria	-_cellular organisms;d_Bacteria;p_Proteobacteria
k141_2437125	1	no rank	root	8	7	7	1.000	unknown;unknown;unknown	-_root
k141_2437208	1224	phylum	Proteobacteria	1	1	1	1.000	unknown;Proteobacteria;uc_Proteobacteria	-_cellular organisms;d_Bacteria;p_Proteobacteria
k141_2102409	2	superkingdom	Bacteria	4	3	3	1.000	uc_Bacteria;uc_Bacteria;uc_Bacteria	-_cellular organisms;d_Bacteria
k141_1089851	1	no rank	root	4	4	4	1.000	unknown;unknown;unknown	-_root
k141_750450	1	no rank	root	5	5	5	1.000	unknown;unknown;unknown	-_root
k141_410737	1224	phylum	Proteobacteria	2	2	1	0.500	unknown;Proteobacteria;uc_Proteobacteria	-_cellular organisms;d_Bacteria;p_Proteobacteria
k141_1429186	1224	phylum	Proteobacteria	4	4	2	0.510	unknown;Proteobacteria;uc_Proteobacteria	-_cellular organisms;d_Bacteria;p_Proteobacteria
k141_1429401	1654931	genus	Crenobacter	2	2	1	0.500	unknown;Proteobacteria;Neisseriaceae	-_cellular organisms;d_Bacteria;p_Proteobacteria;c_Betaproteobacteria;o_Neisseriales;f_Neisseriaceae;g_Crenobacter
k141_489121	2	superkingdom	Bacteria	2	2	2	1.000	uc_Bacteria;uc_Bacteria;uc_Bacteria	-_cellular organisms;d_Bacteria
k141_2180892	1224	phylum	Proteobacteria	3	3	2	0.670	unknown;Proteobacteria;uc_Proteobacteria	-_cellular organisms;d_Bacteria;p_Proteobacteria
k141_1838116	1	no rank	root	9	9	9	1.000	unknown;unknown;unknown	-_root
k141_490114	1	no rank	root	6	5	5	1.000	unknown;unknown;unknown	-_root
k141_153845	1	no rank	root	6	6	6	1.000	unknown;unknown;unknown	-_root
k141_1510857	1	no rank	root	5	5	5	1.000	unknown;unknown;unknown	-_root
k141_491161	2	superkingdom	Bacteria	6	6	5	0.760	uc_Bacteria;uc_Bacteria;uc_Bacteria	-_cellular organisms;d_Bacteria
k141_155085	2	superkingdom	Bacteria	8	5	4	0.680	uc_Bacteria;uc_Bacteria;uc_Bacteria	-_cellular organisms;d_Bacteria
k141_832592	2	superkingdom	Bacteria	2	2	1	0.500	uc_Bacteria;uc_Bacteria;uc_Bacteria	-_cellular organisms;d_Bacteria
k141_2184208	1224	phylum	Proteobacteria	2	1	1	1.000	unknown;Proteobacteria;uc_Proteobacteria	-_cellular organisms;d_Bacteria;p_Proteobacteria
k141_1207718	1224	phylum	Proteobacteria	3	2	1	0.500	unknown;Proteobacteria;uc_Proteobacteria	-_cellular organisms;d_Bacteria;p_Proteobacteria
k141_2219091	1224	phylum	Proteobacteria	3	3	2	0.670	unknown;Proteobacteria;uc_Proteobacteria	-_cellular organisms;d_Bacteria;p_Proteobacteria
k141_1207751	2	superkingdom	Bacteria	4	3	2	0.970	uc_Bacteria;uc_Bacteria;uc_Bacteria	-_cellular organisms;d_Bacteria
k141_527842	2	superkingdom	Bacteria	6	6	3	0.500	uc_Bacteria;uc_Bacteria;uc_Bacteria	-_cellular organisms;d_Bacteria
k141_1548332	1224	phylum	Proteobacteria	3	2	1	0.910	unknown;Proteobacteria;uc_Proteobacteria	-_cellular organisms;d_Bacteria;p_Proteobacteria
k141_192179	871203	species	Caballeronia zhejiangensis	1	1	1	1.000	unknown;Proteobacteria;Burkholderiaceae	-_cellular organisms;d_Bacteria;p_Proteobacteria;c_Betaproteobacteria;o_Burkholderiales;f_Burkholderiaceae;g_Caballeronia;s_Caballeronia zhejiangensis
k141_192273	1224	phylum	Proteobacteria	4	4	3	0.670	unknown;Proteobacteria;uc_Proteobacteria	-_cellular organisms;d_Bacteria;p_Proteobacteria
k141_1877628	1	no rank	root	2	1	1	1.000	unknown;unknown;unknown	-_root
k141_1211369	1224	phylum	Proteobacteria	9	9	6	0.630	unknown;Proteobacteria;uc_Proteobacteria	-_cellular organisms;d_Bacteria;p_Proteobacteria
k141_1212187	1	no rank	root	6	6	6	1.000	unknown;unknown;unknown	-_root
k141_1900466	1	no rank	root	3	3	3	1.000	unknown;unknown;unknown	-_root
k141_1235408	28216	class	Betaproteobacteria	3	3	2	0.670	unknown;Proteobacteria;uc_Betaproteobacteria	-_cellular organisms;d_Bacteria;p_Proteobacteria;c_Betaproteobacteria
k141_2247032	1	no rank	root	4	4	4	1.000	unknown;unknown;unknown	-_root
k141_1574446	1224	phylum	Proteobacteria	3	3	3	1.000	unknown;Proteobacteria;uc_Proteobacteria	-_cellular organisms;d_Bacteria;p_Proteobacteria
k141_1236620	1224	phylum	Proteobacteria	3	3	2	0.670	unknown;Proteobacteria;uc_Proteobacteria	-_cellular organisms;d_Bacteria;p_Proteobacteria
k141_2579992	1224	phylum	Proteobacteria	3	3	3	1.000	unknown;Proteobacteria;uc_Proteobacteria	-_cellular organisms;d_Bacteria;p_Proteobacteria
k141_1903191	2	superkingdom	Bacteria	2	1	1	1.000	uc_Bacteria;uc_Bacteria;uc_Bacteria	-_cellular organisms;d_Bacteria
k141_897842	1224	phylum	Proteobacteria	10	10	7	0.530	unknown;Proteobacteria;uc_Proteobacteria	-_cellular organisms;d_Bacteria;p_Proteobacteria
k141_2582832	1499392	family	Chromobacteriaceae	1	1	1	1.000	unknown;Proteobacteria;Chromobacteriaceae	-_cellular organisms;d_Bacteria;p_Proteobacteria;c_Betaproteobacteria;o_Neisseriales;f_Chromobacteriaceae
k141_1905149	2	superkingdom	Bacteria	3	2	2	1.000	uc_Bacteria;uc_Bacteria;uc_Bacteria	-_cellular organisms;d_Bacteria
k141_1967304	1224	phylum	Proteobacteria	4	3	2	0.670	unknown;Proteobacteria;uc_Proteobacteria	-_cellular organisms;d_Bacteria;p_Proteobacteria
k141_2315064	2	superkingdom	Bacteria	3	3	2	0.670	uc_Bacteria;uc_Bacteria;uc_Bacteria	-_cellular organisms;d_Bacteria
k141_172600	1224	phylum	Proteobacteria	3	3	2	0.670	unknown;Proteobacteria;uc_Proteobacteria	-_cellular organisms;d_Bacteria;p_Proteobacteria
k141_512378	1224	phylum	Proteobacteria	5	5	4	0.670	unknown;Proteobacteria;uc_Proteobacteria	-_cellular organisms;d_Bacteria;p_Proteobacteria
k141_852922	1	no rank	root	3	3	3	1.000	unknown;unknown;unknown	-_root
k141_175285	1224	phylum	Proteobacteria	6	6	3	0.500	unknown;Proteobacteria;uc_Proteobacteria	-_cellular organisms;d_Bacteria;p_Proteobacteria
k141_853530	1	no rank	root	4	4	4	1.000	unknown;unknown;unknown	-_root
k141_2204702	1224	phylum	Proteobacteria	7	6	5	0.980	unknown;Proteobacteria;uc_Proteobacteria	-_cellular organisms;d_Bacteria;p_Proteobacteria
k141_1861364	1224	phylum	Proteobacteria	5	5	3	0.600	unknown;Proteobacteria;uc_Proteobacteria	-_cellular organisms;d_Bacteria;p_Proteobacteria
k141_177174	1224	phylum	Proteobacteria	5	5	3	0.510	unknown;Proteobacteria;uc_Proteobacteria	-_cellular organisms;d_Bacteria;p_Proteobacteria
k141_2020591	1	no rank	root	3	3	3	1.000	unknown;unknown;unknown	-_root
k141_2021790	1	no rank	root	8	6	6	1.000	unknown;unknown;unknown	-_root
k141_2479253	1224	phylum	Proteobacteria	2	1	1	1.000	unknown;Proteobacteria;uc_Proteobacteria	-_cellular organisms;d_Bacteria;p_Proteobacteria
k141_453058	1	no rank	root	4	4	4	1.000	unknown;unknown;unknown	-_root
k141_1132330	1224	phylum	Proteobacteria	2	2	2	1.000	unknown;Proteobacteria;uc_Proteobacteria	-_cellular organisms;d_Bacteria;p_Proteobacteria
k141_453610	2	superkingdom	Bacteria	3	3	2	0.970	uc_Bacteria;uc_Bacteria;uc_Bacteria	-_cellular organisms;d_Bacteria
k141_793478	1	no rank	root	1	1	1	1.000	unknown;unknown;unknown	-_root
k141_1804831	1224	phylum	Proteobacteria	6	6	4	0.670	unknown;Proteobacteria;uc_Proteobacteria	-_cellular organisms;d_Bacteria;p_Proteobacteria
k141_2481806	1	no rank	root	6	6	6	1.000	unknown;unknown;unknown	-_root
k141_2482694	2565932	species	Azoarcus rhizosphaerae	2	2	1	0.920	unknown;Proteobacteria;Zoogloeaceae	-_cellular organisms;d_Bacteria;p_Proteobacteria;c_Betaproteobacteria;o_Rhodocyclales;f_Zoogloeaceae;g_Azoarcus;s_Azoarcus rhizosphaerae
k141_59665	28216	class	Betaproteobacteria	2	2	1	0.500	unknown;Proteobacteria;uc_Betaproteobacteria	-_cellular organisms;d_Bacteria;p_Proteobacteria;c_Betaproteobacteria
k141_2423013	2	superkingdom	Bacteria	2	2	1	0.500	uc_Bacteria;uc_Bacteria;uc_Bacteria	-_cellular organisms;d_Bacteria
k141_506127	1783272	clade	Terrabacteria group	4	4	2	0.500	unknown;unknown;unknown	-_cellular organisms;d_Bacteria;-_Terrabacteria group
k141_2532624	1	no rank	root	16	14	14	1.000	unknown;unknown;unknown	-_root
k141_1248071	1224	phylum	Proteobacteria	6	6	3	0.500	unknown;Proteobacteria;uc_Proteobacteria	-_cellular organisms;d_Bacteria;p_Proteobacteria
k141_228510	1224	phylum	Proteobacteria	4	4	3	0.540	unknown;Proteobacteria;uc_Proteobacteria	-_cellular organisms;d_Bacteria;p_Proteobacteria
k141_1249283	2	superkingdom	Bacteria	4	4	2	0.660	uc_Bacteria;uc_Bacteria;uc_Bacteria	-_cellular organisms;d_Bacteria
k141_229452	1224	phylum	Proteobacteria	4	4	4	1.000	unknown;Proteobacteria;uc_Proteobacteria	-_cellular organisms;d_Bacteria;p_Proteobacteria
k141_1587710	1224	phylum	Proteobacteria	3	3	2	0.520	unknown;Proteobacteria;uc_Proteobacteria	-_cellular organisms;d_Bacteria;p_Proteobacteria
k141_1587768	1224	phylum	Proteobacteria	2	2	1	0.500	unknown;Proteobacteria;uc_Proteobacteria	-_cellular organisms;d_Bacteria;p_Proteobacteria
k141_230178	1236	class	Gammaproteobacteria	2	2	1	0.500	unknown;Proteobacteria;uc_Gammaproteobacteria	-_cellular organisms;d_Bacteria;p_Proteobacteria;c_Gammaproteobacteria
k141_1251150	1	no rank	root	2	2	2	1.000	unknown;unknown;unknown	-_root
k141_2367486	1	no rank	root	8	7	7	1.000	unknown;unknown;unknown	-_root
k141_4491	1224	phylum	Proteobacteria	4	4	2	0.500	unknown;Proteobacteria;uc_Proteobacteria	-_cellular organisms;d_Bacteria;p_Proteobacteria
k141_5436	1	no rank	root	11	11	11	1.000	unknown;unknown;unknown	-_root
k141_1356218	2	superkingdom	Bacteria	5	4	4	1.000	uc_Bacteria;uc_Bacteria;uc_Bacteria	-_cellular organisms;d_Bacteria
k141_680865	1224	phylum	Proteobacteria	5	4	3	0.980	unknown;Proteobacteria;uc_Proteobacteria	-_cellular organisms;d_Bacteria;p_Proteobacteria
k141_344067	2	superkingdom	Bacteria	8	8	5	0.510	uc_Bacteria;uc_Bacteria;uc_Bacteria	-_cellular organisms;d_Bacteria
k141_1357391	2613784	no rank	unclassified Burkholderia	2	1	1	1.000	unknown;Proteobacteria;Burkholderiaceae	-_cellular organisms;d_Bacteria;p_Proteobacteria;c_Betaproteobacteria;o_Burkholderiales;f_Burkholderiaceae;g_Burkholderia;-_unclassified Burkholderia
k141_9149	1224	phylum	Proteobacteria	3	3	3	1.000	unknown;Proteobacteria;uc_Proteobacteria	-_cellular organisms;d_Bacteria;p_Proteobacteria
k141_2034945	206351	order	Neisseriales	3	2	1	0.500	unknown;Proteobacteria;uc_Neisseriales	-_cellular organisms;d_Bacteria;p_Proteobacteria;c_Betaproteobacteria;o_Neisseriales
k141_2373016	206351	order	Neisseriales	5	5	2	0.640	unknown;Proteobacteria;uc_Neisseriales	-_cellular organisms;d_Bacteria;p_Proteobacteria;c_Betaproteobacteria;o_Neisseriales
k141_1241114	2	superkingdom	Bacteria	2	2	1	0.500	uc_Bacteria;uc_Bacteria;uc_Bacteria	-_cellular organisms;d_Bacteria
k141_221948	1224	phylum	Proteobacteria	3	3	2	0.670	unknown;Proteobacteria;uc_Proteobacteria	-_cellular organisms;d_Bacteria;p_Proteobacteria
k141_1906738	1	no rank	root	3	3	3	1.000	unknown;unknown;unknown	-_root
k141_1907600	1	no rank	root	3	3	3	1.000	unknown;unknown;unknown	-_root
k141_1244037	1	no rank	root	2	2	2	1.000	unknown;unknown;unknown	-_root
k141_903014	1	no rank	root	9	7	7	1.000	unknown;unknown;unknown	-_root
k141_903520	1224	phylum	Proteobacteria	2	2	1	0.920	unknown;Proteobacteria;uc_Proteobacteria	-_cellular organisms;d_Bacteria;p_Proteobacteria
k141_1244905	2	superkingdom	Bacteria	4	4	2	0.500	uc_Bacteria;uc_Bacteria;uc_Bacteria	-_cellular organisms;d_Bacteria
k141_226589	1224	phylum	Proteobacteria	7	6	4	0.670	unknown;Proteobacteria;uc_Proteobacteria	-_cellular organisms;d_Bacteria;p_Proteobacteria
k141_1247267	1	no rank	root	3	3	3	1.000	unknown;unknown;unknown	-_root
k141_2438800	1	no rank	root	5	5	5	1.000	unknown;unknown;unknown	-_root
k141_2439044	2	superkingdom	Bacteria	13	12	6	0.540	uc_Bacteria;uc_Bacteria;uc_Bacteria	-_cellular organisms;d_Bacteria
k141_1091314	1224	phylum	Proteobacteria	2	2	2	1.000	unknown;Proteobacteria;uc_Proteobacteria	-_cellular organisms;d_Bacteria;p_Proteobacteria
k141_77191	1224	phylum	Proteobacteria	3	2	2	1.000	unknown;Proteobacteria;uc_Proteobacteria	-_cellular organisms;d_Bacteria;p_Proteobacteria
k141_1091712	1224	phylum	Proteobacteria	10	7	5	0.710	unknown;Proteobacteria;uc_Proteobacteria	-_cellular organisms;d_Bacteria;p_Proteobacteria
k141_1432558	1224	phylum	Proteobacteria	6	3	2	0.670	unknown;Proteobacteria;uc_Proteobacteria	-_cellular organisms;d_Bacteria;p_Proteobacteria
k141_2441986	2	superkingdom	Bacteria	5	3	2	0.510	uc_Bacteria;uc_Bacteria;uc_Bacteria	-_cellular organisms;d_Bacteria
k141_1434140	1224	phylum	Proteobacteria	6	6	5	0.800	unknown;Proteobacteria;uc_Proteobacteria	-_cellular organisms;d_Bacteria;p_Proteobacteria
k141_756122	1224	phylum	Proteobacteria	14	11	6	0.500	unknown;Proteobacteria;uc_Proteobacteria	-_cellular organisms;d_Bacteria;p_Proteobacteria
k141_2109481	1224	phylum	Proteobacteria	5	5	3	0.510	unknown;Proteobacteria;uc_Proteobacteria	-_cellular organisms;d_Bacteria;p_Proteobacteria
k141_1056204	1224	phylum	Proteobacteria	4	3	3	1.000	unknown;Proteobacteria;uc_Proteobacteria	-_cellular organisms;d_Bacteria;p_Proteobacteria
k141_1394941	1	no rank	root	10	10	10	1.000	unknown;unknown;unknown	-_root
k141_2069173	1224	phylum	Proteobacteria	14	14	8	0.690	unknown;Proteobacteria;uc_Proteobacteria	-_cellular organisms;d_Bacteria;p_Proteobacteria
k141_43043	1	no rank	root	3	3	3	1.000	unknown;unknown;unknown	-_root
k141_2069388	1	no rank	root	3	2	2	1.000	unknown;unknown;unknown	-_root
k141_1058953	1	no rank	root	1	1	1	1.000	unknown;unknown;unknown	-_root
k141_1732918	1224	phylum	Proteobacteria	5	5	3	0.600	unknown;Proteobacteria;uc_Proteobacteria	-_cellular organisms;d_Bacteria;p_Proteobacteria
k141_44888	1224	phylum	Proteobacteria	3	3	3	1.000	unknown;Proteobacteria;uc_Proteobacteria	-_cellular organisms;d_Bacteria;p_Proteobacteria
k141_1733716	1224	phylum	Proteobacteria	5	4	3	0.750	unknown;Proteobacteria;uc_Proteobacteria	-_cellular organisms;d_Bacteria;p_Proteobacteria
k141_2072905	1	no rank	root	4	4	4	1.000	unknown;unknown;unknown	-_root
k141_603663	1	no rank	root	5	3	3	1.000	unknown;unknown;unknown	-_root
k141_265969	1	no rank	root	4	3	3	1.000	unknown;unknown;unknown	-_root
k141_266708	1871043	species	Variovorax sp.	4	1	1	1.000	unknown;Proteobacteria;Comamonadaceae	-_cellular organisms;d_Bacteria;p_Proteobacteria;c_Betaproteobacteria;o_Burkholderiales;f_Comamonadaceae;g_Variovorax;-_unclassified Variovorax;s_Variovorax sp.
k141_1625738	1224	phylum	Proteobacteria	9	7	7	1.000	unknown;Proteobacteria;uc_Proteobacteria	-_cellular organisms;d_Bacteria;p_Proteobacteria
k141_267531	1	no rank	root	3	3	3	1.000	unknown;unknown;unknown	-_root
k141_267893	186802	order	Eubacteriales	2	2	1	0.500	unknown;Firmicutes;uc_Eubacteriales	-_cellular organisms;d_Bacteria;-_Terrabacteria group;p_Firmicutes;c_Clostridia;o_Eubacteriales
k141_949225	1224	phylum	Proteobacteria	7	7	3	0.620	unknown;Proteobacteria;uc_Proteobacteria	-_cellular organisms;d_Bacteria;p_Proteobacteria
k141_949714	206351	order	Neisseriales	1	1	1	1.000	unknown;Proteobacteria;uc_Neisseriales	-_cellular organisms;d_Bacteria;p_Proteobacteria;c_Betaproteobacteria;o_Neisseriales
k141_1953054	28216	class	Betaproteobacteria	6	6	3	0.590	unknown;Proteobacteria;uc_Betaproteobacteria	-_cellular organisms;d_Bacteria;p_Proteobacteria;c_Betaproteobacteria
k141_1291081	2	superkingdom	Bacteria	2	2	1	0.500	uc_Bacteria;uc_Bacteria;uc_Bacteria	-_cellular organisms;d_Bacteria
k141_1769618	28216	class	Betaproteobacteria	2	2	1	0.500	unknown;Proteobacteria;uc_Betaproteobacteria	-_cellular organisms;d_Bacteria;p_Proteobacteria;c_Betaproteobacteria
k141_2110401	230148	species	Liparis tanakae	4	2	1	0.500	Metazoa;Chordata;Liparidae	-_cellular organisms;d_Eukaryota;-_Opisthokonta;k_Metazoa;-_Eumetazoa;-_Bilateria;-_Deuterostomia;p_Chordata;-_Craniata;-_Vertebrata;-_Gnathostomata;-_Teleostomi;-_Euteleostomi;-_Actinopterygii;c_Actinopteri;-_Neopterygii;-_Teleostei;-_Osteoglossocephalai;-_Clupeocephala;-_Euteleosteomorpha;-_Neoteleostei;-_Eurypterygia;-_Ctenosquamata;-_Acanthomorphata;-_Euacanthomorphacea;-_Percomorphaceae;-_Eupercaria;o_Perciformes;-_Cottioidei;-_Cottales;f_Liparidae;g_Liparis;s_Liparis tanakae
k141_420016	1224	phylum	Proteobacteria	1	1	1	1.000	unknown;Proteobacteria;uc_Proteobacteria	-_cellular organisms;d_Bacteria;p_Proteobacteria
k141_1438644	1224	phylum	Proteobacteria	4	4	2	0.500	unknown;Proteobacteria;uc_Proteobacteria	-_cellular organisms;d_Bacteria;p_Proteobacteria
k141_1771856	1499392	family	Chromobacteriaceae	3	3	3	1.000	unknown;Proteobacteria;Chromobacteriaceae	-_cellular organisms;d_Bacteria;p_Proteobacteria;c_Betaproteobacteria;o_Neisseriales;f_Chromobacteriaceae
k141_761528	1224	phylum	Proteobacteria	11	11	8	0.750	unknown;Proteobacteria;uc_Proteobacteria	-_cellular organisms;d_Bacteria;p_Proteobacteria
k141_761724	1224	phylum	Proteobacteria	3	2	1	0.500	unknown;Proteobacteria;uc_Proteobacteria	-_cellular organisms;d_Bacteria;p_Proteobacteria
k141_86700	2	superkingdom	Bacteria	3	3	2	0.670	uc_Bacteria;uc_Bacteria;uc_Bacteria	-_cellular organisms;d_Bacteria
k141_1773996	1224	phylum	Proteobacteria	9	7	6	0.860	unknown;Proteobacteria;uc_Proteobacteria	-_cellular organisms;d_Bacteria;p_Proteobacteria
k141_762566	1	no rank	root	10	10	10	1.000	unknown;unknown;unknown	-_root
k141_922979	1499392	family	Chromobacteriaceae	2	2	2	1.000	unknown;Proteobacteria;Chromobacteriaceae	-_cellular organisms;d_Bacteria;p_Proteobacteria;c_Betaproteobacteria;o_Neisseriales;f_Chromobacteriaceae
k141_583196	1	no rank	root	4	3	3	1.000	unknown;unknown;unknown	-_root
k141_2606129	1224	phylum	Proteobacteria	3	2	1	0.920	unknown;Proteobacteria;uc_Proteobacteria	-_cellular organisms;d_Bacteria;p_Proteobacteria
k141_2607611	2	superkingdom	Bacteria	3	2	1	0.500	uc_Bacteria;uc_Bacteria;uc_Bacteria	-_cellular organisms;d_Bacteria
k141_1929651	2	superkingdom	Bacteria	5	5	4	0.750	uc_Bacteria;uc_Bacteria;uc_Bacteria	-_cellular organisms;d_Bacteria
k141_925754	1	no rank	root	2	2	2	1.000	unknown;unknown;unknown	-_root
k141_1930314	1224	phylum	Proteobacteria	5	5	3	0.600	unknown;Proteobacteria;uc_Proteobacteria	-_cellular organisms;d_Bacteria;p_Proteobacteria
k141_586833	2	superkingdom	Bacteria	6	6	3	0.590	uc_Bacteria;uc_Bacteria;uc_Bacteria	-_cellular organisms;d_Bacteria
k141_927648	1	no rank	root	4	4	4	1.000	unknown;unknown;unknown	-_root
k141_2279573	28216	class	Betaproteobacteria	4	4	2	0.500	unknown;Proteobacteria;uc_Betaproteobacteria	-_cellular organisms;d_Bacteria;p_Proteobacteria;c_Betaproteobacteria
k141_642483	1224	phylum	Proteobacteria	2	2	2	1.000	unknown;Proteobacteria;uc_Proteobacteria	-_cellular organisms;d_Bacteria;p_Proteobacteria
k141_302035	1224	phylum	Proteobacteria	5	5	4	1.000	unknown;Proteobacteria;uc_Proteobacteria	-_cellular organisms;d_Bacteria;p_Proteobacteria
k141_302191	1224	phylum	Proteobacteria	2	1	1	1.000	unknown;Proteobacteria;uc_Proteobacteria	-_cellular organisms;d_Bacteria;p_Proteobacteria
k141_1325192	1224	phylum	Proteobacteria	3	3	3	1.000	unknown;Proteobacteria;uc_Proteobacteria	-_cellular organisms;d_Bacteria;p_Proteobacteria
k141_302463	1224	phylum	Proteobacteria	3	3	2	0.670	unknown;Proteobacteria;uc_Proteobacteria	-_cellular organisms;d_Bacteria;p_Proteobacteria
k141_303479	1	no rank	root	1	1	1	1.000	unknown;unknown;unknown	-_root
k141_644429	1224	phylum	Proteobacteria	6	5	4	0.520	unknown;Proteobacteria;uc_Proteobacteria	-_cellular organisms;d_Bacteria;p_Proteobacteria
k141_644679	1224	phylum	Proteobacteria	1	1	1	1.000	unknown;Proteobacteria;uc_Proteobacteria	-_cellular organisms;d_Bacteria;p_Proteobacteria
k141_985597	1224	phylum	Proteobacteria	5	5	3	0.510	unknown;Proteobacteria;uc_Proteobacteria	-_cellular organisms;d_Bacteria;p_Proteobacteria
k141_985849	2759	superkingdom	Eukaryota	3	3	2	0.960	uc_Eukaryota;uc_Eukaryota;uc_Eukaryota	-_cellular organisms;d_Eukaryota
k141_890325	1224	phylum	Proteobacteria	5	5	3	0.730	unknown;Proteobacteria;uc_Proteobacteria	-_cellular organisms;d_Bacteria;p_Proteobacteria
k141_2573907	2	superkingdom	Bacteria	4	3	3	1.000	uc_Bacteria;uc_Bacteria;uc_Bacteria	-_cellular organisms;d_Bacteria
k141_2242565	206351	order	Neisseriales	2	2	1	0.500	unknown;Proteobacteria;uc_Neisseriales	-_cellular organisms;d_Bacteria;p_Proteobacteria;c_Betaproteobacteria;o_Neisseriales
k141_2242967	2	superkingdom	Bacteria	5	4	3	0.680	uc_Bacteria;uc_Bacteria;uc_Bacteria	-_cellular organisms;d_Bacteria
k141_2243016	1	no rank	root	3	3	3	1.000	unknown;unknown;unknown	-_root
k141_2243755	1	no rank	root	9	8	8	1.000	unknown;unknown;unknown	-_root
k141_893786	1224	phylum	Proteobacteria	9	8	5	0.700	unknown;Proteobacteria;uc_Proteobacteria	-_cellular organisms;d_Bacteria;p_Proteobacteria
k141_1899737	2	superkingdom	Bacteria	12	12	7	0.510	uc_Bacteria;uc_Bacteria;uc_Bacteria	-_cellular organisms;d_Bacteria
k141_1899817	2	superkingdom	Bacteria	7	7	6	0.680	uc_Bacteria;uc_Bacteria;uc_Bacteria	-_cellular organisms;d_Bacteria
k141_1573112	1224	phylum	Proteobacteria	5	5	3	0.510	unknown;Proteobacteria;uc_Proteobacteria	-_cellular organisms;d_Bacteria;p_Proteobacteria
